names,lat,lon,seed,plot,harv,unharv,pd1,pd2,pd3,pd4,pd5,fert
b0b4dcb4,-15.07,26.74,45,2.5,6600,0,2015-11-15,2015-12-13,,,,520
dbc9f0f2,-15.22,27.35,100,5,5500,0,2016-01-18,2015-12-13,2015-12-13,,,2160
32b7031f,-13.53,28.94,25,1.5,3250,0,2015-11-24,2015-12-13,,,,
36903bab,-13.58,29.58,10,0.4,450,0,2015-12-24,,,,,
df66779,-13.73,29.06,10,0.5,500,0,2015-12-01,,,,,
5a2ca9e7,-13.59,29.58,5,0.2,250,0,2015-12-13,,,,,
f22b2351,-13.73,29.05,15,0.6,950,0,2015-12-01,2015-12-24,,,,
c00cd5d6,-15.07,26.74,20,0.8,310,0,2015-12-01,,,,,672
c8a0c7b5,-15.07,26.75,20,1,300,0,2015-12-06,2015-12-13,,,,
471d1fef,-13.57,28.9,10,0.25,1000,0,2016-01-04,,,,,
bf58f16,-15.4,27.07,25,1,2750,0,2015-11-24,2015-12-01,,,,400
93e430d1,-14.51,26.95,10,0.5,1700,0,2015-11-02,,,,,800
97fde8a3,-14.55,26.92,20,0.5,450,0,2015-11-08,,,,,
f5e64c20,-13.59,29.58,10,0.5,400,0,2015-11-02,,,,,
1abcb4e5,-15.23,27.35,19,0.5,750,0,2016-01-04,,,,,
f796a3ec,-15.41,27.08,20,1,1000,0,2015-12-01,2015-12-24,,,,
4904a139,-15.42,27.06,30,1.5,800,0,2015-12-13,,,,,
f67da32d,-13.58,29.57,0,0,0,0,,,,,,
43354115,-13.96,29.43,70,3.4,5500,0,2015-11-08,2015-11-08,2015-11-15,,,
20461a45,-13.91,29.42,20,1,2750,0,2015-12-24,,,,,
e29b5049,-13.52,28.95,5,0.5,500,0,2015-12-06,,,,,
df4d9e35,-13.92,29.42,15,0.3,590,0,2015-12-01,,,,,
9923f9f3,-15.21,27.35,40,3,1500,0,2015-12-01,,,,,
8f0403de,-15.21,27.36,25,1,2400,0,2015-12-06,2015-12-13,,,,
45464acd,-15.41,27.08,80,5.25,7000,0,2015-12-13,2015-12-24,2015-12-06,2015-12-13,2015-12-06,
d47e17dd,-15.07,26.75,40,1.6,1220,0,2015-12-01,2015-12-06,,,,
df80f36,-13.54,28.91,10,0.36,300,0,2015-12-13,,,,,
86004a91,-15.06,26.75,20,1,1500,0,2015-11-08,,,,,100
ea4aecbc,-13.96,29.43,20,1,1000,0,2015-12-01,,,,,
f7159d99,-15.08,26.76,20,0.8,3000,0,2015-11-08,2015-12-01,,,,
b0b0bb8d,-14.55,26.93,10,0.5,450,0,2015-12-24,2016-01-11,,,,
4c971c39,-15.19,27.33,140,7,20600,0,2015-11-15,2015-12-06,2015-12-13,,,2070
7f08d759,-15.19,27.33,30,1,1250,0,2015-11-15,2016-01-04,,,,4180
59a8272e,-13.96,29.41,20,0.8,3000,0,2015-12-01,,,,,
b73b1430,-13.73,29.06,10,0.25,1500,0,2015-11-08,,,,,
df1f98b6,-13.73,29.05,10,0.4,500,0,2015-12-13,,,,,
8a25bc7e,-13.54,28.9,95,6,25000,0,2015-11-08,2015-12-06,2015-12-13,2015-12-01,2015-12-01,
326de147,-14.51,26.95,15,0.75,1750,0,2015-12-13,,,,,
8ba78167,-13.59,29.58,20,1,2150,0,2015-12-13,,,,,
df1f9f81,-13.99,29.44,10,0.5,200,1,2015-11-15,,,,,
a02a538e,-14.51,26.95,22.5,1,2200,0,2015-12-01,2015-11-24,,,,800
7d6342ad,-15.19,27.34,170,8.5,8500,0,2015-12-01,2015-12-06,2015-12-13,,,
bc9e01ea,-13.73,29.07,40,2,655,0,2015-12-06,2016-01-04,,,,
6d95d8c8,-15.41,27.08,0,0,0,0,,,,,,
481f77c9,-15.41,27.08,155,9.5,13500,0,2015-12-01,2015-12-06,2016-01-04,,,
59f7fb0d,-13.96,29.42,15,0.6,2500,0,2015-11-08,,,,,
a33fbba7,-13.56,28.91,20,0.5,400,0,2015-12-01,,,,,
719e8e22,-13.73,29.06,0,0,0,0,,,,,,
45510510,-13.96,29.41,15,1.2,450,0,2015-11-02,,,,,
4a87af08,-13.73,29.06,5,0.2,250,0,2015-12-06,,,,,
b9f8bba9,-15.07,26.74,20,1.25,1000,0,2015-12-24,2015-12-13,,,,
9b9d14f3,-13.58,29.56,5,0.25,100,0,2015-12-01,,,,,
395cf086,-14,29.45,10,0.5,1100,0,2015-11-02,,,,,
2b3ecff,-15.22,27.35,20,1,150,0,2015-12-06,,,,,
903968f8,-14.52,26.93,40,0.75,750,0,2015-11-15,,,,,
d273c114,-13.99,29.45,30,1.5,2500,0,2015-12-06,2015-12-06,,,,
98b400ed,-14.55,26.93,12,1,350,0,2015-12-01,2015-12-24,,,,
c9f3a62b,-13.73,29.05,10,0.4,430,0,2015-11-08,,,,,
7b96411e,-15.21,27.34,20,1,1500,0,2015-12-13,,,,,
2b8c39de,-13.53,28.93,30,1.5,3250,2,2015-12-06,2015-12-24,,,,
87dfddb0,-15.4,27.08,100,5.2,6800,0,2015-11-24,,,,,2100
7e73427c,-13.58,29.57,0,0,0,0,,,,,,
c34b433f,-13.73,29.06,10,0.5,1400,0,2015-11-08,,,,,
3f6e7d7b,-13.99,29.45,30,1,750,0,2015-11-08,2015-12-13,,,,
ef1813ef,-13.59,29.58,10,0.4,1850,0,2015-12-13,,,,,
333629f1,-13.59,29.58,5,0.25,0,0,2015-11-08,,,,,
75fd83d1,-14.52,26.92,10,0.5,500,0,2015-11-08,,,,,
bb6574e4,-15.4,27.09,30,3.2,2500,0,2015-11-15,2016-01-04,,,,
20ae2a10,-15.21,27.36,25,1,1200,0,2015-12-01,2015-12-01,,,,
a4be7b95,-13.52,28.94,10,0.4,1300,1,2015-12-13,,,,,
de6c34ab,-14.51,26.95,50,2.5,5750,0,2015-11-08,2015-11-08,2015-12-01,2015-12-06,,2100
e3dd3a95,-13.96,29.38,5,0.25,50,0,2015-12-24,,,,,
20d3bac4,-13.95,29.4,0,0,0,0,,,,,,
c20cf756,-15.4,27.07,100,5.4,5600,0,2015-12-01,2015-12-13,2015-12-24,2016-01-04,2016-01-11,400
9be56861,-15.06,26.76,110,4.4,14500,0,2015-11-08,2015-11-15,2015-12-01,2015-12-06,,
25a7799,-15.4,27.08,30,2.8,4000,0,2015-12-01,2015-12-13,,,,
5e97fc3d,-15.41,27.08,60,3,5000,0,2015-12-06,2015-12-06,2015-12-06,,,1400
293ac657,-15.19,27.34,25,1.25,600,0,2015-12-01,,,,,
2bea58,-13.73,29.04,20,1,1750,0,2015-11-24,2015-12-06,,,,
b7f6ca18,-13.73,29.06,10,0.4,1500,1,2015-12-01,,,,,
54a99fea,-13.96,29.38,0,0,0,0,,,,,,
b8e6edc5,-15.4,27.08,20,1,1500,0,2015-11-02,,,,,
db7f473b,-13.59,29.58,10,0.25,450,0,2015-12-01,,,,,
3fe03fe8,-13.92,29.42,20,1.6,1400,0,2015-11-02,2015-11-02,,,,
447f4a31,-15.21,27.35,15,10.5,5500,0,2015-12-06,2015-12-24,,,,1400
50af81c8,-14.55,26.93,29,1,1500,0,2015-11-24,,,,,
1a508e7e,-13.73,29.06,25,1.6,500,0,2015-10-26,,,,,
fb53a90a,-15.07,26.75,35,1.25,2600,0,2015-11-08,2015-11-08,2015-12-06,,,1800
5600c34,-15.41,27.09,10,0.5,630,0,2015-12-24,,,,,
2e790a4b,-15.41,27.08,70,3.5,3000,0,2015-12-06,2015-12-24,,,,
d8101271,-15.08,26.77,45,2.25,5400,0,2015-11-08,2015-12-01,2015-12-06,,,1600
677e26ec,-15.42,27.06,60,3,5500,0,2015-12-24,,,,,
121dbc26,-14,29.45,10,1,750,0,2015-12-01,,,,,
f5e7ebf7,-15.4,27.09,45,1.9,5250,0,2015-11-24,2015-11-24,2015-12-01,,,1344
ca6fb3f9,-13.96,29.41,62.5,0.7,1200,0,2015-12-01,2015-12-13,,,,
310ab3df,-13.96,29.42,25,1,1500,0,2015-11-02,2015-11-24,,,,
365f8680,-13.74,29.07,10,0.5,750,0,2015-12-13,,,,,
ece99df7,-13.73,29.06,20,2,1500,0,2015-12-24,2015-12-24,,,,
c7aea459,-14.51,26.95,15,0.5,1000,0,2015-11-15,,,,,
6290c4a1,-15.06,26.75,30,1.4,1500,0,2015-11-02,2015-11-08,,,,
ce32ce95,-13.59,29.58,5,0.5,1250,0,2015-11-24,,,,,
e3d03f6f,-13.96,29.41,75,3.75,6650,0,2015-11-15,2015-12-01,2015-12-01,,,
14e9a4fa,-15.19,27.33,65,4.5,3000,0,2015-12-06,2015-12-13,2015-12-13,,,2100
e4ffebd4,-13.59,29.58,2,0.125,200,0,2015-11-08,,,,,
1eb8e89e,-13.59,29.58,5,0.25,400,0,2015-12-01,,,,,
a2f00e19,-13.57,28.9,20,0.5,2000,0,2015-12-01,,,,,
b6e1762a,-13.56,28.9,30,0.75,2000,0,2015-11-24,2015-12-01,,,,
ed38784f,-13.73,29.06,20,1,850,0,2015-12-01,,,,,
56e8a1a7,-13.58,29.58,10,0.5,685,0,2015-12-24,,,,,
56f2bc09,-14.55,26.92,10,0.5,500,0,2015-11-24,,,,,
5eaf15af,-14.55,26.92,12,0.5,400,0,2015-11-08,,,,,0
c0c829b,-13.58,29.58,2,0.2,450,0,2015-12-24,,,,,
3ea5c301,-13.59,29.58,10,0.4,1100,0,2015-12-06,,,,,
6f40b67,-13.96,29.43,10,0.4,1000,0,2015-12-13,,,,,
6a1ab44,-15.42,27.06,30,1.25,3250,0,2015-12-01,2015-12-13,,,,
dae4bdbb,-13.95,29.4,10,0.4,100,0,2015-12-01,,,,,
72b33b68,-13.59,29.58,5,0.25,0,0,2015-12-06,,,,,
9f9822c5,-15.4,27.08,20,1,1250,0,2016-01-04,,,,,
80662b19,-13.52,28.94,42.5,1.95,250,4,2015-11-08,2015-12-06,2015-12-06,2015-12-24,,
e7e7f6ba,-15.07,26.74,10,0.5,890,0,2015-12-01,,,,,
cf000dee,-15.21,27.35,100,5,2750,2,2015-12-06,2015-12-24,,,,1400
c034e94c,-15.21,27.35,45,2,2850,0,2015-12-01,2015-12-24,2015-12-01,,,
c8fad482,-15.06,26.75,30,1.4,500,0,2015-12-01,2015-12-13,,,,450
751007c0,-14.55,26.93,20,0.75,1500,0,2015-12-13,2015-12-24,2016-01-04,,,
4c6f900,-15.2,27.34,20,1,750,0,2015-11-08,,,,,
2e1849b2,-13.59,29.58,10,0.375,650,0,2015-11-15,,,,,
9b508fc7,-15.42,27.06,50,5,4500,0,2015-12-01,2015-12-24,,,,
47bfefca,-15.06,26.75,110,5.4,5250,0,2015-11-02,2015-12-01,,,,
46238fd8,-13.96,29.42,10,0.4,350,0,2015-12-24,,,,,
878997fb,-13.73,29.06,15,0.75,400,0,2015-12-01,,,,,
acd1974f,-13.73,29.06,10,1,40,1,2015-12-01,,,,,
bb018131,-15.07,26.74,15,1.5,1700,0,2015-11-15,,,,,
7770e4b0,-14.51,26.91,50,2,2000,0,2015-12-13,,,,,
1125989a,-13.58,29.57,5,0.25,60,0,2015-12-01,,,,,
3731c1c9,-15.06,26.74,40,1.5,2950,0,2015-11-08,2015-12-06,2015-12-24,,,
75f3fcb2,-14.55,26.92,20,1,1000,0,2015-12-06,2015-11-15,,,,0
a735cd9d,-15.08,26.74,0,0,0,0,,,,,,
781eec09,-15.19,27.34,105,5.5,5750,0,2015-11-15,2015-12-24,,,,2100
a4294f3a,-13.73,29.07,10,0.5,750,0,2015-12-06,,,,,
c181c3d1,-13.73,29.07,10,0.5,250,0,2015-12-06,,,,,
fd7ea6d5,-15.07,26.75,10,0.5,1850,0,2016-01-04,,,,,2016
98b42910,-13.59,29.58,2,0.0625,200,0,2015-12-06,,,,,
b7be4322,-13.54,28.91,35,1.5,2000,1,2015-11-08,2015-12-01,,,,
fb291ffa,-13.53,28.93,15,1,1550,0,2015-12-01,2015-12-24,,,,
9d39aebc,-15.41,27.08,15,1,990,0,2015-12-06,,,,,
863797cc,-13.59,29.58,10,0.4,1500,0,2015-11-08,,,,,
4289bba1,-15.08,26.74,20,1,1250,0,2015-12-01,,,,,
a37abf68,-15.4,27.09,20,1.2,1300,0,2015-12-06,2015-12-06,,,,
97701d97,-13.58,29.57,20,1,1500,0,2015-11-24,,,,,
7ea798d5,-13.73,29.06,25,1.5,0,0,2015-12-06,,,,,
68a64b58,-15.41,27.08,15,1,440,0,2015-12-06,,,,,
c0e27569,-13.96,29.38,10,0.5,1250,0,2015-12-06,,,,,
d4c1bb52,-13.53,28.93,15,0.75,400,0,2015-12-01,,,,,
90ae04a6,-15.42,27.06,50,2.5,6000,0,2015-12-01,,,,,
6e269f59,-15.19,27.34,70,3.5,4500,0,2015-11-24,2015-12-01,2015-12-24,,,
a960a0dd,-15.23,27.34,10,0.5,1000,0,2015-11-08,,,,,
4d3bf23a,-13.96,29.38,5,0.25,350,0,2015-12-24,,,,,
e47c3065,-13.73,29.06,10,0.5,900,0,2015-12-06,,,,,
f07b2e86,-13.53,28.92,40,0.75,400,0,2015-11-02,,,,,
2fa9b8e9,-15.4,27.08,50,3.2,5900,0,2015-12-01,2015-12-01,,,,
da436d11,-14.51,26.95,19,0.5,1500,0,2015-11-24,,,,,1905
e161d200,-13.74,29.07,10,0.25,200,0,2015-11-02,,,,,
f63a7473,-13.52,28.94,20,1,3250,0,2015-11-15,2015-12-01,,,,
5812d055,-15.08,26.74,20,1,3900,0,2015-11-15,,,,,
64ba6524,-13.95,29.4,40,1.2,9350,0,2015-12-06,,,,,
2b111586,-13.58,29.57,5,0.25,50,0,2015-12-24,,,,,
549f87,-13.73,29.07,10,0.5,1500,0,2015-12-01,,,,,
6c1ca1f1,-13.99,29.45,30,1.96,2600,0,2015-12-01,2015-12-24,,,,
22ca7dfe,-15.07,26.76,20,1,1750,0,2015-11-24,,,,,
9052ba8e,-14.5,26.91,10.25,0.75,5000,0,2015-11-02,2015-11-08,2015-12-01,,,1300
3974d745,-15.07,26.75,20,0.8,1200,0,2015-11-08,2015-11-08,,,,
c69b752c,-15.07,26.74,60,5.25,7200,0,2015-11-08,2015-12-01,2015-12-01,2015-12-24,,634
cf354126,-14.52,26.92,20,0.75,1200,0,2015-12-01,,,,,
94b2a880,-15.21,27.35,50,2.5,550,0,2015-12-24,2016-01-04,,,,1080
8fd7c430,-13.74,29.07,7.5,0.4,400,0,2015-11-15,,,,,
6ff1ba56,-13.57,28.9,20,0.5,3000,0,2015-12-06,,,,,
9d34e329,-15.07,26.75,8,0.5,140,0,2015-11-02,,,,,
4b413a90,-14.52,26.93,10,0.5,0,0,2015-12-06,,,,,
487d429a,-13.73,29.06,0,0,0,0,,,,,,
5278ac00,-13.67,28.66,2.5,0.25,300,0,2015-12-01,,,,,
c6ce1f4,-13.47,27.91,20,2,0,2,2015-12-01,2015-12-01,,,,
32245f0a,-13.55,28.67,10,0.5,0,1,2015-11-02,,,,,
9af6663f,-13.37,28.42,5,0.25,350,0,2015-12-06,,,,,
4d42dce2,-13.36,28.41,30,1.5,3750,0,2015-11-02,2015-11-02,,,,
ed21d95c,-13.68,28.67,20,1,0,1,2015-10-26,,,,,
36497ff9,-13.37,28.66,5,0.25,0,1,2015-11-02,,,,,
b6ad567c,-13.37,28.42,7.5,0.5,400,0,2015-11-24,,,,,
f4648ed7,-13.23,28.67,7.5,0.5,700,1,2015-12-06,2015-12-24,,,,
79b2d6c,-13.45,27.93,10,0.5,50,0,2015-12-13,,,,,
26af8fed,-13.38,28.66,10,1,10,0,2015-11-02,,,,,
a9ce900,-13.38,28.65,10,0.5,750,0,2016-01-04,,,,,
e589f64a,-13.61,27.8,70,5,9300,0,2015-12-06,2015-12-24,,,,
50255d0,-13.39,28.7,30,1.5,1650,0,2015-10-26,2015-12-01,2015-12-13,,,
c8fd8ecb,-13.33,28.37,20,1.2,1350,0,2015-11-08,2015-11-24,,,,
1e46f8b2,-13.76,28.64,20,0.9,3000,0,2015-12-24,2016-01-04,,,,1775
9b04f502,-13.7,28.65,30,1.5,1500,0,2015-12-13,,,,,
1e7dd379,-13.23,28.67,15,1.3,750,1,2015-11-24,,,,,
e24c0643,-13.38,28.42,45,2.25,6250,0,2015-11-15,2015-12-01,2015-12-01,2015-12-06,,
17c3ec91,-13.35,28.4,7,0.25,675,0,2015-11-24,2015-11-24,,,,
c155a716,-13.45,27.94,70,4,22500,0,2015-11-24,2015-12-01,,,,
9b024120,-13.45,28.68,5,0.25,300,0,2015-11-02,,,,,
b86cd456,-13.68,28.67,25,1.25,600,0,2015-12-06,,,,,
552945c6,-13.58,27.83,1,0.5,1250,0,2015-12-01,,,,,
acf568ea,-12.24,26.75,20,0.5,100,1,2015-10-26,,,,,
817019e4,-13.69,28.66,30,1.5,0,2,2015-12-24,2015-10-26,,,,
77f2eaa9,-13.26,28.68,0,0,0,0,,,,,,
97255da7,-13.39,28.69,40,2,1750,0,2015-12-01,,,,,
3d28f4a,-13.45,27.93,0,0,0,0,,,,,,
5b0d8ed4,-13.45,27.93,10,1,350,1,2015-12-13,,,,,
721f7aa2,-13.38,28.44,20,0.75,1800,0,2015-11-08,2015-11-15,,,,
5eaaafa8,-13.83,28.64,20,1,950,0,2015-11-08,,,,,
8157f070,-13.39,28.72,50,3,11100,0,2015-11-08,2015-12-01,,,,
643c671c,-13.63,27.84,30,0.93,2100,0,2015-11-15,2015-11-24,2015-12-24,,,
2495a47f,-13.82,28.65,10,0.5,9,0,2015-11-24,,,,,
f58ab6b1,-13.22,28.68,40,2,6000,0,2015-11-15,2015-12-06,,,,
b1daa0f3,-13.83,28.65,15,0.5,6,0,2015-11-15,,,,,
3a3f0571,-13.34,28.39,10,1.5,1000,1,2015-12-13,,,,,
8da7061e,-13.38,28.73,10,0.45,500,0,2015-12-06,,,,,
f7badf91,-13.22,28.68,13,1.2,700,0,2015-12-06,2016-01-04,,,,
fe34dcbb,-13.51,28.64,10,1,1500,0,2015-12-13,,,,,
29c3068b,-13.38,28.66,10,1.5,1500,0,2015-11-15,,,,,
6e878c7e,-13.38,28.66,30,1.5,3000,0,2015-11-15,,,,,
5d4b942c,-13.83,28.65,10,0.5,12,0,2015-12-13,,,,,
a75a31f0,-13.47,27.92,30,1.5,2500,3,2015-11-24,2015-12-01,2015-12-13,,,
88ac1c29,-13.39,28.69,15,0.75,1000,0,2015-12-01,,,,,
ec84beca,-13.61,27.83,40,5,1250,0,2015-12-24,,,,,
bcf8539b,-13.68,28.66,10,0.5,750,0,2015-12-06,,,,,
b4480e62,-13.69,28.66,10,1,250,0,2015-12-01,2016-01-04,,,,
87de3a3c,-13.45,27.93,5,0.25,90,0,2015-11-02,,,,,
70cdd72e,-13.39,28.44,9.75,720.25,4000,0,2015-11-08,2015-11-08,,,,
a5a51062,-13.45,27.93,35,1.5,1250,1,2015-12-24,2015-11-24,,,,
8070edd0,-13.62,27.83,70,4,2600,0,2015-11-02,,,,,
5b9fd593,-13.58,27.84,50,2.5,0,1,2015-11-24,,,,,
c25ddb48,-13.45,28.68,5,0.25,350,0,2015-12-06,,,,,
b2bfc424,-13.38,28.66,40,2,4000,0,2015-11-24,,,,,
dd2efcb7,-13.83,28.65,15,0.75,650,0,2015-12-13,,,,,
bbba5432,-13.45,27.93,20,1,1750,1,2015-12-06,,,,,
ae7cf6fe,-13.34,28.39,5,0.5,50,0,2015-11-15,,,,,
e4f5b428,-13.69,28.66,30,2,0,2,2015-11-02,2015-11-24,,,,
b9e3c734,-13.6,27.83,15,0.75,300,0,2015-11-15,,,,,
e2adbde4,-13.58,27.84,0,30,0,1,2015-12-13,,,,,
f85dfd89,-13.34,28.38,0,0,0,0,,,,,,
149376a0,-13.45,27.92,10,0.5,1250,0,2015-12-13,,,,,
ec790846,-13.46,28.68,10,1.5,20,0,2015-11-24,,,,,
13d22ca9,-13.61,27.8,65,3,4570,0,2015-12-06,2015-12-13,2015-12-24,,,
40fd01d5,-13.67,28.66,10,1,500,1,2015-11-08,,,,,
8c602b57,-13.38,28.72,60,5,2500,0,2015-10-26,2015-12-06,,,,
add1ac30,-13.55,28.67,50,2,0,1,2015-11-24,,,,,
63eeaf2f,-13.25,28.7,35,1.5,3500,0,2015-12-01,2015-12-24,,,,
185e024c,-13.34,28.39,5,0.25,100,0,2015-12-01,,,,,
703a0d83,-13.46,28.68,35,2,6200,1,2015-12-01,2015-12-06,2015-12-24,2015-12-24,,
a79a9da0,-13.58,27.85,60,1.5,650,1,2015-12-24,2015-12-24,,,,
b30e83e8,-13.45,27.93,10,0.5,2000,0,2015-12-13,,,,,
b5abd2c9,-13.61,27.83,15,0.75,1500,0,2015-12-01,,,,,
ddf305c2,-13.54,28.64,80,3.5,5000,0,2015-12-06,,,,,
7ef88042,-13.54,28.64,5,0.25,0,1,2015-12-06,,,,,
8dabae48,-13.45,27.93,0,0,0,0,,,,,,
5e725d45,-13.45,28.68,20,1,1250,0,2015-11-24,2015-12-13,,,,
fd45f878,-13.84,28.65,5,0.25,300,0,2015-12-06,,,,,
d428172c,-13.45,28.68,10,0.5,500,0,2015-12-01,,,,,
15e5fc63,-13.23,28.67,0,0,0,0,,,,,,
ff0d4462,-13.38,28.66,15,1.5,1250,0,2015-12-13,,,,,
197598f0,-13.25,28.69,15,0.75,350,0,2015-12-06,,,,,
e02a6871,-13.51,28.62,15,1.5,1900,2,2015-12-06,2015-12-13,,,,
929362a9,-13.45,27.93,15,1.5,500,0,2015-12-06,,,,,
fb70844,-13.51,28.62,60,3,0,2,2015-12-24,2016-01-04,,,,
d35207ec,-13.67,28.67,20,1,150,0,2015-11-02,,,,,
4d3dbbbd,-13.45,27.94,100,5,9100,0,2015-12-01,2015-12-13,2015-12-13,2015-12-01,,
90cb7f70,-13.68,28.67,40,1.9,2000,0,2015-11-15,2015-11-24,2015-12-01,,,
4de47b09,-13.37,28.44,30,1.5,0,2,2015-11-15,2015-12-01,,,,
1883a674,-13.47,28.68,5,0.25,300,0,2015-10-26,,,,,
3b43320f,-13.23,28.67,0,1,0,0,2015-12-13,,,,,
a1841010,-13.24,28.67,20,1,0,2,2016-01-04,2016-01-04,,,,
9989e9b3,-13.46,27.92,35,4.8,2500,2,2015-11-02,2015-12-01,,,,
cfac00cb,-13.45,27.92,20,1,1400,0,2015-12-06,,,,,
6f7fbb9e,-13.33,28.37,25,1,5000,0,2015-12-01,,,,,
627d87bb,-13.26,28.68,5,0.25,25,0,2015-11-24,,,,,
cd6515ba,-13.61,27.83,20,1,1000,0,2015-12-01,,,,,
65ba557,-13.6,27.83,45,2,2001,0,2015-12-01,2015-12-01,,,,
aa90b5f4,-13.63,27.84,50,2.75,1200,1,2015-12-01,2015-12-24,,,,
f3dc7e86,-13.53,28.65,15,0.75,1125,0,2015-11-02,2015-11-15,,,,
ae82a03c,-13.35,28.39,20,1,2500,0,2015-12-06,,,,,
3894ac47,-13.39,28.72,40,2,1650,0,2015-11-08,2015-12-01,,,,
4eb4deac,-13.48,28.68,40,2,300,0,2015-11-15,,,,,
28e1355c,-13.47,27.91,60,4,0,3,2015-12-13,2015-12-24,2015-12-24,,,
c88461c2,-13.63,27.84,80,4.5,6500,0,2015-12-13,2015-12-06,2015-12-24,2015-12-06,2015-12-24,
35107811,-13.59,27.83,80,4,2500,0,2015-11-24,,,,,
8482c49a,-13.24,28.66,20,20,2500,0,2015-12-01,,,,,
386f6263,-13.39,28.44,25,1.5,0,3,2015-11-02,2015-12-01,2015-11-15,,,
cb1c2b85,-13.23,28.67,5,0.4,150,0,2015-12-06,,,,,
ae8ddeef,-13.78,28.65,10,0.5,50,0,2015-10-26,,,,,
c03e0cf7,-13.61,27.8,60,3,350,0,2015-12-06,2015-12-24,2015-12-24,,,
2cb65042,-13.24,28.66,15,1,0,1,2015-11-02,,,,,
c50c9e07,-13.37,28.42,10,0.5,500,0,2015-11-08,,,,,
fb95b2d,-13.38,28.73,10,0.25,300,0,2015-11-08,,,,,
8f0f377,-13.47,27.92,20,1.3,0,1,2015-11-15,,,,,
1b93e47,-13.37,28.42,10,0.5,1000,0,2015-12-01,,,,,
dc6ed3b7,-13.68,28.66,20,1,200,1,2015-11-08,,,,,
8b02c30c,-13.83,28.64,20,2,750,0,2015-11-02,2015-11-15,,,,
81ef1bcc,-13.47,27.92,20,2.5,1000,0,2015-12-24,,,,,
e0b6dd7a,-13.38,28.65,25,2.5,150,0,2016-01-04,,,,,
41cc0174,-13.51,28.63,40,2,1500,0,2015-11-24,,,,,
cf99e02d,-13.67,28.66,10,0.75,100,0,2015-11-15,,,,,
5c4345b7,-13.25,28.68,5,0.5,450,0,2015-11-24,,,,,
c9d290c6,-13.61,27.8,10,1,0,1,2015-12-06,,,,,400
744a98c8,-13.68,28.67,20,1,350,1,2015-10-26,,,,,
643abc3f,-13.35,28.39,10,0.5,300,0,2015-11-02,,,,,
3d330044,-13.68,28.67,20,1,0,1,2015-11-15,,,,,
7b5bc2e2,-13.23,28.67,5,0.5,650,0,2015-12-06,,,,,
4380f0ca,-13.7,28.65,210,10.5,10750,0,2015-10-26,2015-11-15,2015-12-06,2015-11-02,,
8aedc9a5,-13.38,28.73,10,2,0,1,2015-11-24,,,,,
1bff8055,-13.54,28.64,60,3,0,2,2015-11-15,2015-11-24,,,,
2998911c,-13.68,28.67,20,1,0,1,2015-10-26,,,,,
a5f34f11,-13.39,28.69,15,1,3500,0,2016-01-04,,,,,
80c62ca2,-13.8,28.64,15,0.75,800,0,2015-12-06,2015-12-24,,,,
9cf8eff5,-13.68,28.66,20,1,250,1,2015-11-15,,,,,
c3f1c9f2,-13.38,28.73,10,0.5,200,0,2015-10-26,,,,,
2876217b,-13.47,27.91,80,4.5,0,1,2015-12-01,,,,,
9695a68f,-13.78,28.65,50,2.5,850,1,2015-10-26,2015-11-02,2015-10-26,,,
b46cb517,-13.68,28.67,20,1,1000,0,2015-10-26,,,,,
39e48753,-13.38,28.73,25,1.5,1500,0,2015-11-15,2015-11-24,,,,
8c4a30ee,-13.39,28.44,10,1,1500,0,2015-11-15,,,,,
3dafbfe2,-13.34,28.39,0,0,0,0,,,,,,
ba464113,-13.38,28.73,10,1,100,0,2015-11-15,,,,,
8c1aa5b2,-13.63,27.83,90,5.5,3800,2,2015-11-15,2015-11-24,2015-12-01,2015-12-06,,
1cc600c9,-13.6,27.83,20,1,500,0,2015-12-13,,,,,
ed6f4a99,-13.34,28.37,20,1.2,2450,0,2015-12-01,2015-12-06,,,,
4e579f2a,-13.25,28.69,15,0.75,650,1,2015-12-06,2015-12-13,,,,
b5127f72,-13.26,28.7,50,2.5,1650,1,2015-11-08,2015-12-24,,,,
517a31db,-13.69,28.66,15,0.25,150,0,2015-10-26,,,,,
846bd1d1,-13.46,28.67,20,1,1350,0,2015-12-24,2015-12-24,,,,
2fc8bd97,-13.68,28.67,5,0.5,0,0,2015-11-24,,,,,
81fd4c17,-13.22,28.67,10.5,0.48,750,1,2015-11-08,,,,,
de49ce91,-13.6,27.83,20,9,0,1,2015-11-15,,,,,
c6857875,-13.54,28.64,0,0,0,0,,,,,,
41b92516,-13.26,28.68,10,0.5,0,1,2015-12-01,,,,,
488a8e6,-12.17,33.04,10,0.4,250,0,2015-12-13,,,,,
3e91e254,-14.49,31.32,40,2,50,0,2015-12-06,,,,,
7baeddec,-12.15,33.04,20,1,22.5,0,2015-11-24,,,,,
14acd0b9,-12.69,32.88,30,1.2,7200,0,2015-12-13,2015-12-24,2015-12-13,,,
c0a7eaa9,-14.34,31.17,15,0.9,800,0,2015-12-24,2015-12-01,,,,
bff42281,-14.09,31.18,0,0,0,0,,,,,,
671fcbde,-12.72,32.84,55,4,0,2,2015-11-02,2015-12-06,,,,
5c83c0e5,-14.01,31.47,65,2,800,0,2015-11-24,2015-11-24,,,,
f3b9ec12,-11.95,33.16,20,1,800,0,2016-01-11,2016-01-11,,,,
3c7ba614,-12.68,32.84,2,0.4,1250,0,2015-12-01,,,,,
c57efc8a,-14.39,31.21,5,0.25,11,0,2015-11-08,,,,,
a1a04b26,-14,31.46,10,0.8,750,0,2015-11-24,,,,,
4865f7fc,-14.19,31.19,60,3.5,4950,0,2015-10-26,,,,,
b7816f1f,-14.34,31.17,30,1.2,2000,0,2015-11-24,2015-11-24,,,,
61d57b36,-13.97,31.44,50,3,800,0,2015-12-01,,,,,
170790fd,-14.36,31.16,125,6.25,6650,0,2015-11-24,2015-11-24,2015-12-01,2015-12-01,2015-12-01,
f67097eb,-14.38,31.22,70,4,3600,0,2015-12-01,2015-12-06,,,,
40d67c0c,-14.36,31.16,20,1,5100,0,2015-10-26,2015-12-01,,,,
bf378d1e,-14.21,31.21,130,9,17500,0,2015-12-06,,,,,
f0231e95,-12.68,32.84,10,0.8,250,1,2015-12-24,,,,,
bf5c6990,-14.35,31.16,30,1.5,1750,0,2015-11-02,,,,,
f041faad,-14.02,31.47,15,0.5,750,0,2015-11-08,,,,,
d91dcdaf,-14.03,31.48,10,0.4,650,0,2015-11-15,,,,,
b52942df,-14.1,31.18,40,0.8,250,0,2015-12-24,,,,,
38fecf23,-12.42,33.33,10,0.5,550,0,2015-12-01,2015-12-13,,,,
98f4b3ca,-11.95,33.16,10,0.4,500,0,2015-11-24,,,,,
62518867,-14.09,31.18,40,2,2000,0,2015-11-02,,,,,
9cbf13f4,-12.69,32.88,30,1.25,3500,0,2015-12-24,2016-01-04,,,,
be330099,-14.21,31.22,50,3,0,1,2015-12-24,,,,,
bd907e40,-12.4,33.33,20,0.8,500,1,2015-12-24,,,,,
f4c3b3d5,-12.68,32.84,20,0.8,2000,0,2015-12-24,,,,,
465f92f5,-12.68,32.84,40,1.6,300,1,2015-12-01,,,,,
1feaf383,-14.49,31.31,45,2,2750,0,2015-12-24,2015-12-13,2015-12-06,,,
1c112049,-14.09,31.18,20,0.8,1200,0,2015-12-01,2015-12-24,,,,
d5ecf37e,-14.39,31.22,60,3,10850,0,2015-12-06,2015-12-13,2015-12-13,2015-12-24,,
83a09b83,-12.15,33.03,20,1,1600,0,2016-01-04,,,,,
15425d23,-12.4,33.33,40,2,1020,2,2015-12-01,2015-12-01,,,,
2c41ef3e,-14.48,31.31,30,2.4,1650,0,2015-12-06,2016-01-04,,,,
71808b32,-14.1,31.18,40,0.6,250,0,2015-12-06,,,,,
773f0320,-14.01,31.46,20,0.25,2500,0,2015-11-24,2015-12-01,,,,
69e40ccf,-14.03,31.48,20,1.2,1800,0,2015-11-08,2015-11-24,,,,
f2d7ff7e,-13.97,31.44,50,1.75,1200,0,2015-12-06,,,,,
70ad0651,-12.68,32.84,10,0.4,1500,0,2015-11-02,,,,,
f5fa2716,-14.03,31.48,50,2.5,6000,0,2015-11-08,2015-11-15,,,,
9223d707,-12.16,33.03,30,1,500,1,2015-12-06,,,,,
b527afd8,-14.02,31.47,40,2,600,0,2015-12-01,,,,,
ec15a9c7,-14.22,31.22,60,3.2,1200,0,2015-11-08,,,,,
4da5d162,-12.69,32.88,10,0.4,300,1,2016-01-11,,,,,
263505cd,-11.95,33.16,15,0.75,1000,0,2016-01-04,2016-01-11,,,,
7f225707,-11.95,33.16,15,0.75,750,0,2015-12-01,,,,,
2523966b,-14.02,31.47,50,2.5,7200,0,2015-12-24,,,,,
1c56041f,-14.48,31.31,30,1.5,2100,1,2015-12-01,2015-12-06,2015-12-24,,,
cf7582df,-12.69,32.88,120,6,0,2,2015-12-06,2015-12-13,,,,
196aa383,-12.41,33.33,45,1,0,2,2015-12-01,2015-11-24,,,,
18dde410,-12.68,32.84,30,0.8,1500,2,2015-12-24,2015-11-24,,,,
73dbb645,-12.41,33.33,15,0.74,0,2,2015-12-01,2015-12-01,,,,
cd99cb69,-11.97,33.2,30,1.4,1350,1,2015-12-01,2015-12-01,,,,
d99c368b,-11.98,33.2,12,0.65,450,0,2015-12-13,,,,,
3eea0500,-11.96,33.17,30,1.2,1775,0,2015-11-24,2015-12-01,2015-12-24,,,
1517821e,-12.17,33.04,40,3,0,2,2015-11-24,2015-12-06,,,,
12c0e552,-11.98,33.2,20,2,1000,0,2015-12-01,2015-11-08,,,,
2edc3299,-14.1,31.18,170,9,6300,0,2015-12-24,2016-01-04,,,,
51dacc08,-14.2,31.2,50,2.5,1500,0,2015-12-01,,,,,
8b43d4a1,-14.49,31.31,10,1,400,0,2015-12-24,,,,,
8fb90c5d,-11.98,33.2,10,0.4,375,0,2016-01-04,2016-01-11,,,,
c38e6546,-12.4,33.33,20,2,300,0,2015-11-24,,,,,
e39ff7fd,-12.15,33.03,15,0.4,2400,0,2015-12-01,,,,,
6e2928f2,-12.69,32.88,20,0.8,900,0,2015-12-24,2016-01-18,,,,
958dd3a2,-12.4,33.33,15,0.9,1000,1,2016-01-04,,,,,
b8d7d8d5,-12.17,33.04,5,0.25,450,0,2015-10-26,,,,,
14caeb97,-14.48,31.31,10,0.25,1000,0,2015-12-01,,,,,
3b242e69,-11.98,33.2,15,0.65,150,0,2016-01-04,,,,,
ff2f8c01,-12.15,33.03,10,0.7,0,1,2015-12-24,,,,,
20dd212,-12.68,32.84,30,1.4,100,2,2015-12-06,2015-12-24,,,,
a15b7e86,-11.95,33.16,15,0.55,750,0,2015-10-26,2015-11-02,,,,
34f2644b,-14.02,31.47,20,0.4,400,0,2015-12-06,,,,,
a8021908,-14.1,31.18,20,0.8,1000,0,2015-12-13,,,,,
cf464695,-14.38,31.22,50,3,4500,0,2015-11-24,,,,,
2bafc335,-12.16,33.03,5,0.25,1000,0,2015-12-01,,,,,
c7388203,-14.21,31.21,25,0.8,400,0,2015-11-24,,,,,
2094a66a,-14.39,31.22,90,4.5,4400,0,2015-11-02,,,,,
a1b97cd5,-12.42,33.33,10,0.4,0,1,2015-12-06,,,,,
93493fb,-12.17,33.04,25,1,1150,0,2015-12-13,2015-12-01,2015-12-01,2015-12-01,,
a7bb7ce3,-12.41,33.32,20,1,500,0,2015-11-24,,,,,
16f523c7,-12.68,32.84,10,0.4,100,1,2015-12-01,,,,,
355eb156,-12.15,33.03,20,0.8,3000,0,2015-11-24,,,,,
fb400237,-11.98,33.2,40,3,1000,1,2015-12-01,2015-12-01,,,,
3b96256b,-14.22,31.22,20,1,500,0,2015-12-01,,,,,
2bbe5476,-11.98,33.2,10,0.4,900,0,2015-12-13,,,,,
6d3238df,-14.03,31.48,45,5,4250,0,2015-11-02,2015-12-01,,,,
19495c79,-12.42,33.33,10,0.4,800,0,2015-12-13,,,,,
acd65524,-12.69,32.88,32,1.6,300,0,2015-11-02,2015-12-24,,,,
49058242,-12.17,33.04,10,0.4,1150,0,2015-12-13,,,,,
409f9109,-11.98,33.2,30,3,2800,0,2015-11-24,2015-12-01,,,,
5f648142,-14.01,31.46,20,0.75,1100,0,2015-12-06,,,,,
9a77c63a,-12.68,32.84,10,0.4,250,0,2015-12-01,,,,,
6e866eb,-12.69,32.88,20,0.8,4200,0,2015-12-06,2015-12-01,,,,
2fe0862f,-12.72,32.84,30,2.25,0,3,2015-12-01,2015-12-06,2015-11-02,,,
ae31f459,-12.15,33.04,35,1.75,1050,2,2015-12-01,2015-12-13,,,,
da5820b0,-11.98,33.2,40,2,4200,1,2015-12-06,2015-12-06,2015-12-06,,,
2416a55e,-13.96,31.45,70,3.5,25,0,2015-12-24,2016-01-04,,,,
add18837,-11.95,33.16,10,0.4,1050,0,2015-12-01,,,,,
f6184dde,-12.42,33.34,15,1,1800,0,2015-12-01,2015-12-24,,,,
5bfbe619,-14.03,31.48,50,2.5,7250,0,2015-12-01,2015-12-01,2015-12-06,,,
3bba8514,-11.95,33.16,5,0.25,250,0,2015-12-01,,,,,
9581a7a8,-11.95,33.16,10,0.5,50,1,2015-12-24,,,,,
c8724a96,-12.15,33.03,15,0.4,1500,0,2015-12-01,,,,,
90f9f599,-12.4,33.33,35,3.5,750,2,2015-12-06,2015-12-24,,,,
ead28c92,-14.48,31.31,55,2,1350,0,2015-12-01,2015-12-24,,,,
e5a1b61b,-12.42,33.32,20,2,500,1,2016-01-04,,,,,
14481d3,-14.21,31.21,169,2.4,780,0,2015-12-13,2016-01-11,,,,
1d275f1d,-14.39,31.22,30,3,4275,0,2015-12-13,2015-12-24,,,,
3ce1b345,-12.17,33.04,30,1.4,9,1,2015-12-01,,,,,
235545f3,-14,31.46,10,1,500,0,2015-12-24,,,,,
18f12299,-12.15,33.03,60,3,0,1,2015-12-01,,,,,
cc488b0b,-12.17,33.04,10,0.4,600,0,2015-11-24,,,,,
be08f67,-14.22,31.22,40,1.2,800,0,2015-11-08,,,,,
aa71c7df,-11.95,33.16,35,2.5,13000,0,2015-12-13,2015-12-13,,,,
39b1d97,-11.98,33.2,10,0.8,300,0,2015-12-01,,,,,
86f089b9,-14.36,31.16,40,2,1600,0,2015-12-06,2015-12-13,,,,
3ec7a98f,-14.49,31.31,50,2.2,1450,0,2015-11-02,2015-11-08,2015-11-08,2015-11-15,2015-12-01,
8e3fed,-12.41,33.32,3,0.25,250,0,2015-11-15,,,,,
9041f012,-12.69,32.88,5,0.2,350,0,2015-12-13,,,,,
73f43c37,-12.17,33.04,10,0.6,300,0,2015-12-24,,,,,
e97f6195,-14.48,31.31,90,3,1225,0,2015-11-02,,,,,
9fafe47d,-12.17,33.04,20,1,4750,0,2015-12-01,,,,,
3ecdbe61,-14.03,31.48,85,3.6,10500,0,2015-11-08,2015-12-06,2015-12-13,2015-12-24,,
2e1e0494,-12.42,33.33,15,0.74,1400,0,2015-12-13,2015-12-01,,,,
6c973567,-12.42,33.33,30,1.5,1625,0,2015-12-01,2015-12-24,,,,
d054db87,-14.39,31.21,35,2.5,3250,0,2015-12-01,2015-12-06,,,,
28fbbb69,-14.01,31.46,20,0.8,0,1,2015-10-26,,,,,
e1587e19,-11.95,33.16,5,0.25,100,1,2015-12-01,,,,,
1f3fa9b0,-12.15,33.03,40,2.5,0,2,2015-12-24,2016-01-04,,,,
e7a4020f,-12.71,32.86,10,0.49,700,0,2015-11-24,,,,,
6a676fb3,-12.68,32.84,10,2,0,1,2015-12-01,,,,,
88eb9d97,-14.38,31.22,0,1,1600,0,2015-12-01,,,,,
d780579c,-14.22,31.22,30,0.5,250,0,2015-11-02,,,,,
8c076dbc,-14.21,31.22,80,4,1000,0,2015-12-01,2015-12-01,,,,
891d9117,-12.15,33.03,15,0.4,1800,0,2015-11-08,,,,,
f88a0c6a,-14.39,31.22,40,2,2200,0,2015-12-01,2015-12-06,2015-12-24,,,
efbfb82c,-12.42,33.33,22,0.9,1600,0,2016-01-04,2016-01-04,2016-01-04,,,
bd7bcba6,-12.72,32.85,30,1.98,0,3,2015-12-01,2015-12-06,2015-12-06,,,
765911f8,-14.49,31.32,70,1.6,4200,0,2015-12-06,2015-12-06,2015-12-06,2015-12-06,,
cdfccbb4,-14.34,31.17,30,2,500,0,2015-11-02,,,,,
73b673c5,-14.39,31.21,25,1.2,2100,0,2015-12-13,2016-01-04,,,,
78576f1d,-14.47,31.31,30,0.8,2750,0,2015-12-01,2015-12-24,,,,
4751749d,-14.36,31.16,20,1,700,0,2015-12-13,,,,,
f88070ff,-14.21,31.21,50,1.6,1600,0,2015-12-01,2015-12-01,2015-12-06,2015-12-06,,
8c77e394,-11.96,33.17,30,1.5,2800,0,2015-11-24,2015-12-01,,,,
e320a29e,-14.38,31.22,80,5,5400,0,2015-11-24,2015-12-01,,,,
57878c23,-13.97,31.45,20,1,2400,0,2015-11-08,,,,,
aec4d30e,-12.41,33.33,20,0.5,0,1,2015-11-08,,,,,
4b537738,-10.64,31.95,0,0,0,0,,,,,,
277cb660,-9.55,31.2,0,0,0,0,,,,,,
11ba8a5c,-9.36,31.24,10,1,1500,0,2015-11-08,,,,,
7c6c112d,-9,31.68,10,0.5,700,0,2015-11-24,,,,,
66d9492a,-10.32,32.25,25,1.05,6350,0,2015-11-24,2015-12-06,2015-12-24,,,
d405074e,-10.65,31.94,5,0.25,650,0,2015-12-24,,,,,
2c80ad3e,-9.58,31.19,0,0,0,0,,,,,,
bd27b9a0,-10.65,31.94,0,0,0,0,,,,,,
ab3c6928,-10.61,32.19,10,0.5,1250,0,2015-12-06,,,,,
8d30d53f,-9.02,31.67,10,0.5,0,2,2015-11-08,2015-11-15,,,,
dbff29d5,-10.32,32.24,10,0.5,2000,0,2015-12-01,,,,,
8f672b28,-9,31.68,10,0.5,950,0,2015-12-01,,,,,
62a56e56,-9.02,31.66,10,0.5,75,0,2015-11-02,,,,,
52e52d32,-10.32,32.25,15,0.75,5000,0,2015-11-24,,,,,
99ac9173,-10.08,32.32,40,2,1750,0,2015-12-24,,,,,
4e7e063,-9.55,31.2,10,0.4,750,0,2015-10-26,,,,,
c974f883,-8.81,31.53,10,0.5,800,0,2015-12-24,,,,,
f23cf1ff,-10.61,32.18,5,0.5,300,0,2015-11-24,,,,,
e23d69c5,-8.82,31.53,20,1,1500,0,2015-12-06,,,,,
aff40b17,-9.36,31.24,20,1,960,0,2015-11-08,,,,,
86642aff,-10.64,32.15,15,0.75,3000,0,2015-11-24,,,,,
150b87f5,-8.81,31.54,5,0.25,150,0,2015-12-01,,,,,
a0514e6b,-9.36,31.25,22,1.75,2160,0,2015-11-02,2015-11-02,2015-11-02,,,
9eadc0b0,-10.65,31.94,0,0,0,0,,,,,,
8559710f,-9.55,31.2,10,0.4,1650,0,2015-11-08,,,,,
332012d5,-9,31.68,10,0.5,750,0,2015-12-01,,,,,
47731d4,-9.56,31.2,15,0.75,2500,0,2015-11-24,2015-11-24,,,,
20b8bf4a,-10.61,32.19,25,1,3250,0,2015-11-02,2015-11-08,,,,
ff9391a3,-9.56,31.2,20,1,450,0,2015-12-01,,,,,
89cf943b,-10.64,32.15,10,0.4,500,1,2015-12-01,,,,,
ccb210e1,-10.63,32.15,5,0.25,25,0,2015-12-01,,,,,
dc9196c9,-9.36,31.25,0,0,0,0,,,,,,
18c3f2e0,-9.54,31.21,12,0.5625,2100,0,2015-11-08,2015-10-26,,,,
d195d21b,-8.84,31.54,80,4,4600,0,2015-11-15,2015-11-24,2015-12-01,,,
2b81b6ed,-8.81,31.54,30,1.5,500,0,2015-11-15,,,,,
7e56f2a8,-10.65,31.94,5,0.25,500,0,2015-12-06,2015-12-01,,,,
7d6856f0,-10.32,32.26,16,0.75,2000,0,2015-12-06,2015-11-08,,,,
ebaf9b21,-10.65,31.94,10,0.4,250,0,2015-11-08,,,,,
1cdf69e1,-9.56,31.2,70,3.5,9950,0,2015-11-02,2015-12-01,2015-12-06,2015-12-13,,
ec28100a,-10.1,32.31,15,0.62,1250,0,2015-11-08,,,,,
42a3943d,-10.31,32.27,15,1,1200,0,2015-12-13,2015-12-01,2015-12-01,,,
9ba83c77,-9,31.68,0,0,0,0,,,,,,
81138a83,-10.1,32.31,15,0.62,700,0,2015-12-13,,,,,
15f4e8df,-10.65,31.95,0,0,0,0,,,,,,
47c86d29,-9.02,31.67,120,2,1500,0,2015-11-08,2015-11-15,2015-11-15,,,
5d314e40,-10.1,32.31,15,0.75,1750,0,2015-12-24,,,,,
3e0f2e85,-10.31,32.26,35,1.75,3300,0,2015-12-06,2015-12-13,2015-12-06,,,
86f1dc57,-10.64,32.15,10,0.5,2000,0,2015-12-24,2016-01-11,,,,
a9437725,-10.61,32.18,20,1,250,0,2015-11-08,,,,,
330eb4c3,-8.85,31.54,30,1.5,1000,0,2015-12-01,,,,,
67cd621a,-8.81,31.53,5,0.25,400,0,2015-12-06,,,,,
b9ee59df,-10.63,32.15,0,0,0,0,,,,,,
c79d7876,-10.32,32.25,45,2.25,4000,0,2015-12-13,2015-11-24,,,,
d3adb1c0,-9,31.68,10,0.5,2100,0,2015-12-01,,,,,
e26c82f7,-9.55,31.2,10,0.4,1500,0,2015-11-08,,,,,
1a018000,-10.08,32.32,0,0,0,0,,,,,,
30eab14d,-9.37,31.24,5,0.25,225,0,2015-10-26,,,,,
5ec92736,-9.56,31.2,40,2,1080,0,2015-11-15,,,,,
c9dcfa49,-10.32,32.24,120,6,25000,0,2015-12-06,2015-12-24,2015-12-01,,,
fd85e650,-10.1,32.31,10,0.5,600,0,2015-12-06,,,,,
db8a655d,-9.03,31.67,56,3.25,750,4,2015-11-08,2015-12-06,2015-11-08,2015-12-01,2015-12-06,
f55c4a40,-10.31,32.27,20,1,4000,0,2015-11-15,,,,,
d0561380,-10.61,32.19,10,0.25,500,0,2015-12-01,,,,,
e31dec7a,-10.08,32.32,30,1.5,1500,0,2015-12-06,2015-12-06,,,,
8f1a3496,-10.32,32.26,10,0.5,1250,0,2015-12-24,,,,,
9dff0902,-10.1,32.29,5,0.2,1100,0,2015-12-06,,,,,
2dcde452,-10.64,31.95,1,0.125,350,0,2015-11-08,,,,,
3f6dab36,-9.03,31.67,145,8.5,0,5,2015-11-02,2015-12-06,2015-12-06,2016-01-04,2016-01-04,
c7849782,-10.31,32.27,20,1,2750,0,2015-11-15,2015-12-06,2015-12-13,,,
8a770bb4,-9.37,31.23,5,0.25,450,0,2015-10-26,,,,,
23781769,-10.08,32.32,0,0,0,0,,,,,,
eaea7453,-10.63,32.15,5,0.25,750,1,2016-01-04,,,,,
d4a389f5,-10.32,32.24,10,0.5,1750,0,2015-12-01,,,,,
69fb9424,-9.36,31.24,0,0,0,0,,,,,,
12d7551f,-8.81,31.53,50,3,3000,0,2015-12-06,2015-11-24,2015-12-06,,,
74a06886,-10.32,32.24,20,1,1100,0,2015-12-01,,,,,
e2679cf1,-9.36,31.25,20,1,100,1,2015-12-01,,,,,
89fd36f0,-10.65,31.94,0,0,0,0,,,,,,
212a9f70,-9.36,31.24,20,1,1000,0,2015-11-08,2015-12-06,,,,
99a9b95b,-9.39,31.23,10,1,50,2,2015-11-02,2015-11-24,,,,
f7704dc0,-10.1,32.29,5,0.25,700,0,2015-12-01,,,,,
638078e4,-8.82,31.53,25,1,1650,0,2015-11-24,2015-12-01,,,,
b506ef88,-9.36,31.25,1,0.1,50,0,2015-11-02,,,,,
3c86ae05,-8.83,31.53,5,0.25,50,0,2015-11-02,,,,,
e8722384,-8.83,31.53,15,1,800,0,2015-11-15,2015-11-24,,,,
ccf0e7ba,-9.58,31.19,5,0.25,150,0,2015-11-24,,,,,
a0279138,-9.02,31.67,15,0.6,640,0,2015-12-06,2015-12-06,,,,
44cecae8,-9.02,31.66,15,0.65,1100,0,2015-11-08,2015-12-01,,,,
8eb9aea6,-10.64,32.15,0,0,0,0,,,,,,
a41fb4ff,-8.84,31.54,5,0,650,0,2015-11-02,,,,,
cc7b6b3e,-9.58,31.19,5,0.25,100,0,2015-10-26,,,,,
c11a399f,-10.32,32.26,10,0.5,1950,0,2015-12-01,2015-12-24,,,,
6b554dd2,-8.81,31.53,2.5,0.25,100,0,2015-11-08,,,,,
c5e22ed1,-10.63,32.15,10,0.5,650,0,2015-11-08,,,,,
c8516a31,-10.65,31.94,20,1.7,2750,0,2016-01-04,2015-12-06,,,,
edcca389,-9.38,31.23,15,0.5,360,0,2015-12-06,2015-12-13,,,,
93613c5c,-9.02,31.67,10,0.5,1400,0,2015-11-08,,,,,
680e181f,-10.64,31.95,50,1.55,4750,0,2015-10-26,2016-01-11,2016-01-11,,,
4b4f423f,-8.81,31.53,2.5,0.25,300,0,2015-10-26,,,,,
29ceaa6c,-10.65,31.94,2.5,0.46,300,0,2015-11-08,,,,,
a327c43e,-10.09,32.31,30,1.5,4000,0,2015-11-08,2015-11-08,2015-11-08,,,
7ecc1bf8,-9.36,31.24,40,2,6480,0,2015-12-01,2015-12-06,,,,
f4c025b3,-10.65,31.94,50,3,700,0,2015-12-06,,,,,
7b93117e,-10.08,32.32,20,1,1250,0,2015-11-15,,,,,
fd8a6d03,-10.63,32.15,5,0.25,1000,0,2015-11-15,,,,,
f1f5ffbf,-9.02,31.66,58,2.533,5750,0,2015-12-06,2015-12-24,2015-11-24,2016-01-04,2016-01-04,
335a40f1,-9.38,31.23,5,0.5,720,0,2015-11-15,,,,,
cecbbd41,-8.83,31.53,15,0.75,750,0,2015-12-13,,,,,
b61d4b4e,-10.08,32.31,20,1.25,1750,0,2015-12-06,2016-01-11,,,,
fdc24688,-10.08,32.32,0,0,0,0,,,,,,
49d7b8a1,-10.1,32.29,20,1,2000,0,2015-11-24,,,,,
31431c54,-10.09,32.31,20,0.75,750,0,2016-01-04,2016-01-11,,,,
5d0ac4a5,-10.65,31.94,20,1,2000,0,2015-12-06,2016-01-04,,,,
a223c48c,-9.56,31.2,10,0.5,870,0,2015-11-24,,,,,
b950b8c0,-9.36,31.23,25,1,1400,0,2015-11-08,2015-12-06,,,,
e029ad21,-9.37,31.23,5,0.25,400,0,2015-10-26,,,,,
5c0581a,-8.83,31.53,20,1,1400,0,2015-11-02,,,,,
c54a0160,-9.36,31.26,10,0.5,900,0,2015-11-08,,,,,
3d02e689,-9.54,31.22,5.25,5.25,550,0,2015-10-26,2015-12-06,,,,
91e86ff8,-10.32,32.24,70,3.5,0,0,2015-11-24,,,,,
e3a8a700,-10.32,32.25,10,15,1750,0,2015-12-24,,,,,
465e1f2b,-8.81,31.54,2.5,0.25,200,0,2015-11-02,,,,,
4fae0542,-9.36,31.23,25,1,2000,0,2015-11-08,2015-11-24,,,,
6675230,-9,31.68,20,1,200,0,2015-11-02,,,,,
9000d423,-10.64,32.15,2,0.125,500,0,2015-11-24,,,,,
a77720c1,-10.1,32.29,40,2,7500,0,2015-11-08,2015-11-24,,,,
ed1180ee,-9.58,31.19,5,0.25,300,0,2015-10-26,,,,,
742b07be,-10.31,32.27,120,6,22000,0,2015-11-15,2015-12-24,,,,
71c2e8df,-8.82,31.53,10,0.5,750,0,2015-11-24,,,,,
46058e5f,-9.56,31.2,0,0,0,0,,,,,,
391274c5,-9.02,31.66,30,1.4,2500,0,2015-11-02,,,,,
f57a8fd7,-9.02,31.67,7,0.75,200,0,2015-12-01,,,,,
1a4ecd7b,-10.64,31.95,5,0.25,1000,0,2015-11-15,,,,,
cfe9b2f8,-10.31,32.27,35,1.5,2350,0,2015-12-01,2016-01-04,2015-12-13,2016-01-18,,
1f76c1a6,-10.13,32.31,20,1,60,0,2015-12-13,2015-12-24,,,,
f07a780b,-10.1,32.31,10,0.5,2000,0,2015-12-06,,,,,
bded55f2,-8.81,31.54,7,0.75,1100,0,2015-11-02,2015-12-01,,,,
623ed33e,-10.31,32.26,5,0.25,1175,0,2015-11-02,,,,,
347e574e,-10.64,32.15,20,1.15,3000,0,2016-01-04,2016-01-18,,,,
2ec19680,-10.32,32.25,50,2.4,11000,0,2015-12-01,2015-12-24,,,,
e994b0c8,-10.61,32.18,10,0.75,2300,0,2015-12-06,,,,,
845d6de9,-9.36,31.24,20,1,1080,0,2015-11-08,,,,,
8fde0c1b,-9,31.68,30,1.5,3000,0,2016-01-04,,,,,
8c6e1ed3,-9.56,31.2,30,1.5,650,1,2015-11-02,2015-12-06,,,,
cd10e09f,-10.64,31.95,15,0.65,1200,0,2015-12-24,2016-01-11,,,,
ac77fcce,-8.81,31.53,10,0.375,150,0,2015-11-15,,,,,
807b156d,-9.37,31.23,20,1,700,0,2015-10-26,,,,,
ee331494,-9.37,31.23,10,0.5,250,0,2015-11-24,,,,,
7dd5424a,-10.08,32.32,22,1,4000,0,2015-11-15,2016-01-04,,,,
f45312be,-10.65,31.94,5,0.25,1000,0,2015-11-15,,,,,
5876e1f9,-10.61,32.18,60,3,9800,3,2015-12-01,2015-12-06,2016-01-11,2016-01-11,,
d6efcd60,-10.64,32.15,10,0.5,1250,0,2015-12-01,,,,,
4511215e,-9.54,31.21,18,0.875,1650,0,2015-12-06,2015-11-08,2015-10-26,,,
6295031,-9.54,31.22,2.5,0.25,800,0,2015-12-01,,,,,
c6ff515c,-10.65,31.94,5,0.25,250,0,2015-12-13,,,,,
d7fc080b,-9.56,31.2,15,0.75,2430,1,2015-11-02,2015-12-06,,,,
cc9b9a7f,-10.65,31.94,0,0,0,0,,,,,,
f12b98fc,-10.32,32.26,15,0.75,46,0,2015-11-08,2015-12-01,2015-11-24,,,
a8d37456,-9.38,31.24,5,0.25,90,0,2015-12-06,,,,,
e28e5df1,-9.58,31.2,5,0.25,200,0,2015-11-24,,,,,
9bd7f6e,-10.63,32.15,2,0.25,150,0,2015-11-08,,,,,
e5a345d5,-10.32,32.24,10,0.5,1500,0,2015-12-06,,,,,
bbd2d03d,-10.64,32.15,10,0.4,200,1,2015-12-24,,,,,
81b7721a,-10.65,31.94,0,0,0,0,,,,,,
abb37410,-13.2,24.79,70,2.5,11750,0,2015-11-02,2015-11-08,2015-11-02,2015-12-13,,
14ff22e0,-13.47,25,15,0.5,500,0,2015-11-15,,,,,
f599cd1d,-13.47,25,30,2,7500,0,2015-11-02,,,,,
cd8302b4,-13.06,25.37,5,0.25,250,0,2015-11-24,,,,,
e001b155,-12.2,26.78,40,2,0,0,2015-10-26,,,,,
d1a8e3e6,-12.11,25.51,60,3,2500,0,2015-11-08,,,,,
78246324,-12.56,26.18,35,2,0,2,2015-12-01,2015-12-06,2015-12-01,,,
b9f68c92,-12.2,26.78,27,1.5,450,1,2015-11-24,2015-10-26,2015-10-26,,,
fadfae3d,-13.37,24.86,10,0.25,350,0,2015-11-02,2015-12-06,,,,
bd0c1912,-13.06,25.39,10,0.25,50,0,2015-11-02,,,,,
340b3a78,-13.31,24.81,20,1,0,0,2015-11-02,2015-12-01,,,,
464de216,-12.2,26.78,20,1,0,1,2015-11-08,,,,,
e8269aaf,-12.56,26.14,10,1.25,800,1,2015-12-01,,,,,
15fc73c6,-13.2,24.78,10,0.6,1250,1,2015-11-08,,,,,
3f192b7f,-13.23,24.75,0,0,0,0,,,,,,
4e85b46d,-13.06,25.37,20,1.75,1250,0,2015-11-24,2015-11-02,,,,
4033b4a2,-13.33,24.84,20,0.75,650,1,2015-10-26,,,,,
18ac33d3,-12.2,26.77,20,1,0,1,2015-11-24,2015-11-24,,,,
ba331db3,-12.11,25.48,20,1,0,1,2015-11-15,,,,,450
b10b8c54,-13.06,25.38,3,0.25,200,0,2015-12-01,,,,,
96910b99,-12.35,25.81,30,1.5,1800,0,2015-11-02,2015-12-01,,,,
5456cd81,-13.36,24.87,10,0.5,250,1,2015-11-08,,,,,
1ba1c205,-12.11,25.51,25,1.25,2500,0,2015-11-08,2015-12-01,,,,
8b2656dd,-12.1,25.49,60,3,750,1,2015-11-15,2015-11-24,,,,
bd7faa23,-13.47,25,40,2,3000,2,2016-01-11,2016-01-18,,,,
fec01183,-13.47,25,10,0.5,300,1,2015-12-06,,,,,
397c9a3f,-12.32,25.88,20,0.75,300,1,2015-11-24,,,,,
b07ca188,-13.32,24.84,20,1,700,1,2015-10-26,,,,,
3b4ded9d,-12.32,25.88,20,1.5,2500,1,2015-11-24,2015-12-01,,,,
8ee06f2b,-13.2,24.77,5,0.25,150,0,2015-11-02,,,,,
a828059e,-13.32,24.84,15,0.75,0,2,2015-10-26,2015-12-06,,,,
17ff779a,-12.11,25.51,15,0.75,500,0,2015-11-24,,,,,
aced2308,-12.56,26.17,45,2.5,2250,0,2015-12-13,2015-12-06,,,,
d7da5e62,-12.12,25.5,15,0.5,300,0,2015-11-08,,,,,
fb3041c8,-13.17,24.95,15,0.75,0,0,2015-11-24,2015-12-01,,,,
d9e66ddf,-12.32,25.88,5.25,5.25,1050,0,2015-12-24,2016-01-04,,,,
1de0ef7a,-12.1,25.49,10,0.5,500,0,2015-11-02,,,,,
3dbbd702,-13.47,25,30,1.5,2200,1,2015-11-08,2015-12-13,2015-12-24,,,
4e251980,-13.06,25.37,10,0.5,1500,0,2015-11-02,,,,,
89828fbe,-13.23,24.75,20,1,900,0,2016-01-04,2015-12-01,,,,
ea890114,-12.33,25.88,10,0.5,1500,0,2015-11-02,,,,,
b8196d25,-12.2,26.78,30,2,400,2,2015-12-01,2015-12-06,,,,
faffa0b8,-12.32,25.88,10,0.5,1250,0,2015-11-02,,,,,
e7da27c3,-13.21,24.76,20,0.75,2100,0,2015-12-01,,,,,
f95b11a2,-13.06,25.36,20,0.75,1750,0,2015-12-01,2015-11-02,,,,
8f31569,-12.24,26.75,10,0.5,50,1,2015-11-02,,,,,
a5bb7b2a,-12.32,25.88,15,0.75,750,0,2015-11-02,,,,,
e9d23fbb,-13.2,24.77,5,0.25,400,0,2015-11-08,,,,,
71f6190,-13.06,25.38,10,0.4,750,0,2015-11-24,2015-12-01,,,,
41ac351,-12.32,25.88,20,1,2500,0,2015-11-08,,,,,
a19aaf4a,-12.11,25.51,0,0,0,0,,,,,,
5470227d,-12.23,26.75,20,1,0,1,2015-11-15,,,,,
29fa4207,-13.2,24.78,40,2,1350,0,2015-10-26,2015-12-01,,,,
d147a9c2,-12.54,26.16,40,2,2500,0,2015-11-08,2015-12-06,,,,
70147fba,-12.11,25.49,30,1.5,2800,0,2015-11-08,2015-12-13,,,,
fab8578d,-12.33,25.89,18,1,0,2,2015-11-08,2015-12-01,,,,
3cab0f8a,-13.31,24.81,7,50.25,0,1,2015-11-02,2015-12-24,,,,
6d92d14a,-12.56,26.17,20,1,1350,0,2015-12-13,2015-11-02,,,,
fd1f32cf,-12.23,26.75,29,1,0,2,2015-11-24,2015-12-01,,,,
6fde115c,-12.56,26.14,10,1,500,0,2015-12-06,,,,,
2ba49eee,-12.33,25.89,20,1,250,1,2015-10-26,,,,,
5ccf21ef,-12.2,26.78,5,0.25,0,1,2015-11-02,,,,,
eaf50c88,-12.33,25.83,10,1,0,1,2015-11-02,,,,,
2df47475,-13.17,24.95,10,1,900,0,2015-12-01,2015-11-02,,,,
e04892f3,-12.1,25.49,20,0.5,0,1,2015-11-02,2015-11-08,,,,
476a40fa,-12.56,26.14,20,1,2000,0,2015-12-06,2015-12-13,,,,
d81354ec,-12.1,25.49,20,1,0,1,2015-11-02,,,,,
c3487f96,-13.06,25.36,10,0.5,200,0,2015-11-02,,,,,
4ff1b614,-13.06,25.38,25,1,8,0,2015-11-02,,,,,
60ecced7,-13.06,25.37,10,0.5,0,0,2015-11-24,,,,,
91b473eb,-13.47,25,30,1.5,2300,1,2015-12-13,,,,,
88665e56,-13.06,25.38,10,0.5,200,0,2015-11-24,,,,,
2f559cfb,-13.2,24.78,20,1,500,1,2015-12-01,,,,,
acbd41e0,-13.47,25,10.5,0.75,1000,0,2015-11-08,2015-11-15,,,,
f04e8173,-12.2,26.77,20,0.8,2050,0,2015-11-02,2015-12-06,,,,
a83a7aef,-13.21,24.76,35,1,1750,0,2015-12-06,,,,,
4a0d0f9f,-13.47,25,20,0.98,0,2,2015-11-02,2015-11-15,,,,
502e6607,-13.33,24.84,25,1.5,750,2,2015-11-24,2015-12-13,,,,
8a4b6b16,-13.07,25.35,10,0.5,250,1,2015-11-08,,,,,
c000c49e,-13.47,25,30,1.75,0,2,2015-11-02,2015-12-01,,,,
d38ebff2,-12.31,25.85,20,10,750,0,2015-11-02,2015-12-01,,,,
fc18b1fd,-12.11,25.49,10,0.5,900,0,2015-11-15,,,,,
2d344f7c,-13.37,24.86,10.5,0.668,600,0,2015-11-02,2015-11-24,2015-12-01,2015-12-13,,
c1cb9139,-13.47,25,0,0,0,0,,,,,,
5558ba49,-12.2,26.78,15,1.5,200,0,2015-11-15,,,,,
e9d0a830,-13.47,25,20,1,1500,0,2015-11-08,,,,,
13a1cab7,-12.1,25.49,20,1.5,700,1,2015-11-08,,,,,
fb53f7,-13.06,25.36,15,0.75,200,1,2015-12-01,,,,,
c78aced,-12.11,25.48,8,0.125,0,1,2015-12-01,,,,,
e418576c,-12.24,26.75,30,0.75,50,1,2015-11-08,,,,,
d21b0395,-13.23,24.75,170,10,0,1,2015-11-02,2015-11-08,2015-11-24,,,
d85abe26,-13.06,25.38,10,0.5,1000,0,2015-12-01,,,,,
7dfbfbbe,-13.21,24.76,20,0.5,750,0,2015-11-08,,,,,
b1d5ad34,-12.32,25.88,10,0.5,23,0,2015-12-06,,,,,
da815915,-13.32,24.84,20,1,0,0,2015-11-24,,,,,
9e7e1d64,-12.31,25.85,20,1,1600,0,2015-11-02,2015-12-01,,,,
d2378ca4,-12.11,25.51,0,0,0,0,,,,,,
3c333f49,-13.06,25.38,10,0.45,0,1,2015-12-01,,,,,
3d4ac1f6,-12.56,26.17,47,8.75,25000,0,2015-11-15,,,,,
fc7586dc,-13.06,25.37,20,1,1500,0,2015-11-02,2015-11-24,,,,
fd0ac94c,-12.56,26.14,50,3,5500,0,2015-12-24,2015-12-01,,,,
827cade8,-12.33,25.83,6,0.5,0,1,2015-11-24,,,,,
e5df94e9,-13.31,24.8,75,4.25,0,1,2015-11-24,2015-11-02,2015-12-01,2016-01-04,2016-01-04,
375aaa11,-12.11,25.49,20,1,0,1,2015-11-08,,,,,
6e8acdcc,-12.56,26.17,35,2,0,1,2015-12-01,2015-12-06,2015-12-24,,,
7cd540c1,-12.31,25.85,30,1.5,1850,0,2015-11-02,2015-12-01,2015-10-26,,,
987efc0e,-12.2,26.78,25,1.5,500,2,2015-11-15,2015-12-06,,,,
ecf84ef,-13.06,25.36,10,0.5,1000,0,2015-11-02,,,,,
f853369d,-13.47,25,40,2,0,3,2015-11-24,2016-01-04,2015-12-01,,,
47d686e1,-12.24,26.75,15,0.75,100,1,2015-12-01,,,,,
d4ebaaef,-13.2,24.77,30,1.5,1500,0,2015-11-08,,,,,
3c2b7321,-12.24,26.75,50,2.5,250,1,2015-11-24,,,,,
d8b62236,-13.46,25,50,2.5,0,1,2015-12-01,2015-11-15,2015-12-24,2015-11-02,,
91ca6bd5,-13.32,24.84,10,0.25,200,1,2015-11-02,,,,,
d2176175,-13.47,25,10,0.5,1000,0,2015-11-08,,,,,
4ed35428,-13.47,25,10,0.75,2500,1,2015-11-02,,,,,
fa9da92f,-13.47,25,20,0.9,0,2,2015-11-02,2015-12-24,,,,
e6e41dc4,-13.2,24.79,15,0.5,750,0,2015-12-06,,,,,
4b93d5b6,-12.56,26.18,20,1.75,1200,1,2015-12-01,2015-12-06,,,,
7a072504,-13.32,24.82,15,0.5,0,1,2015-12-01,,,,,
c7e7ba1c,-13.2,24.78,14,0.75,750,0,2015-11-08,,,,,
bb39ad2f,-12.33,25.83,5,0.5,0,1,2015-11-02,,,,,
7dc72339,-13.2,24.78,25,1.25,475,0,2015-10-26,2015-12-01,2016-01-04,,,
a74ea432,-12.56,26.14,11,1.5,1500,0,2015-11-08,2015-11-15,,,,
5206375d,-13.37,24.85,14,0.75,450,0,2015-10-26,2015-11-24,2015-12-13,,,
4de8bdf1,-13.06,25.38,20,0.8,300,0,2015-12-06,,,,,
e8059bbf,-12.56,26.14,25,1.35,300,0,2015-11-15,2015-12-01,,,,
18c3c5c9,-12.56,26.17,20,1,1300,0,2015-12-06,2015-12-13,,,,
bfa0383f,-13.23,24.75,15,0.75,2000,0,2015-11-02,2015-12-01,,,,
aebc5520,-12.56,26.14,14,0.625,250,1,2015-11-08,2015-11-24,,,,
8ba32573,-12.33,25.89,10.2,1.5,0,1,2015-11-24,,,,,
5684db79,-12.1,25.49,10,1,500,0,2015-12-06,,,,,
d9a96e96,-13.47,25,10,0.25,200,0,2015-11-08,,,,,
95b5272e,-13.37,24.86,13,0.375,0,2,2015-11-02,2015-12-06,,,,
3cd09407,-12.32,25.87,10,0.5,700,0,2015-11-02,,,,,
bb75c925,-13.23,24.75,10,0.5,3600,0,2015-11-02,,,,,
840d4c95,-12.56,26.14,30,1,0,2,2015-12-06,2015-12-13,,,,
84a4e366,-12.24,26.75,30,1.75,3500,1,2015-11-24,2015-12-06,,,,
ab748a54,-13.36,24.87,10,0.5,400,1,2015-11-24,,,,,
23cda5a5,-12.11,25.51,10,0.5,2400,0,2015-11-24,,,,,
bc49d40f,-13.47,25,18,0.92,0,2,2015-11-02,2015-11-24,,,,
48531ff8,-13.33,24.84,10,0.5,150,1,2015-11-02,,,,,
7be6ea72,-13.06,25.36,15,0.75,550,0,2015-11-02,2016-01-04,,,,
be7eb49c,-12.54,26.16,5,0.25,1000,0,2015-11-15,,,,,
14145d9d,-12.21,26.78,10,0.5,1500,0,2015-11-08,,,,,
57951915,-12.56,26.17,20,1,1000,0,2015-11-08,,,,,
d65cbc90,-12.54,26.16,30,1.5,3850,0,2015-12-01,2015-11-08,2015-11-08,,,
6c5de692,-13.36,24.87,10,0.5,500,0,2015-12-13,,,,,
fa7563ca,-13.46,25,20,1,0,2,2015-11-08,2015-12-06,,,,
74f3777e,-13.36,24.87,20,0.25,400,1,2015-11-02,,,,,
ac482114,-12.2,26.77,35,1.35,0,2,2015-11-15,2015-12-01,,,,
728ab981,-13.21,24.77,30,1.5,850,0,2015-11-02,2015-11-15,2015-12-01,,,
fbba3dbb,-12.1,25.49,10,0.5,1250,0,2015-11-02,,,,,
337c0fd2,-12.11,25.5,5,0.25,300,0,2016-01-04,,,,,
ba9c5c23,-13.36,24.87,15,0.75,600,1,2015-12-13,,,,,
b0592ebc,-13.2,24.79,50,1,700,1,2015-11-02,,,,,
ce1a572e,-13.2,24.79,50,2.5,50,1,2016-01-11,,,,,
219b24b0,-12.2,26.77,20,1,0,2,2015-12-24,2015-12-24,,,,
1db1e623,-12.54,26.16,20,1,100,0,2015-11-08,,,,,
5c322b2e,-12.33,25.89,20.5,1.1,0,2,2015-11-15,2015-12-01,,,,
27df719b,-13.06,25.37,10,0.5,700,0,2015-12-13,2015-11-15,,,,
3e578cce,-13.37,24.86,15,0.73,2000,1,2015-11-02,2015-11-24,,,,
42f1892,-13.47,25.01,10,0.5,600,1,2015-11-02,2015-11-15,,,,
2ebeca37,-16.94,26.98,150,7.5,23750,0,2015-11-02,2015-12-24,2015-12-24,2015-12-01,2015-12-13,5840
98c4bf8,-17.21,27.11,10,0.5,200,0,2015-12-13,,,,,
c8d4c34f,-16.8,27.13,15,0.75,800,0,2015-12-13,2015-12-01,,,,2100
51a8122b,-16.92,27.26,30,1.5,1890,0,2015-12-01,2015-12-06,,,,
86a269dd,-16.75,26.96,25,1.25,700,0,2015-12-01,,,,,350
f10704aa,-16.77,26.97,5,0.25,1200,0,2015-11-02,,,,,
ca747b61,-15.93,26.51,40,2,0,0,2015-11-24,,,,,
1e8cad7a,-17.15,27.14,35,2.5,2250,0,2015-11-24,2016-01-18,,,,
9b036eaf,-15.92,26.53,30,2.5,1500,0,2015-10-26,2015-12-01,,,,
99bb1c4e,-16.93,27.08,40,2,2750,0,2015-11-15,2015-11-24,2015-11-24,2015-12-01,2015-12-13,320
ea87c564,-16.23,26.67,70,3.5,10640,0,2015-11-15,2015-11-15,2015-11-15,2015-11-24,,
5395400d,-17.19,27.11,20,1,2500,0,2015-11-02,,,,,
b69ece5d,-15.75,26.76,12,0.6,350,0,2015-11-02,2015-11-08,,,,
942479ca,-16.87,26.79,40,2,3750,0,2015-11-24,2015-11-24,2015-12-01,,,2100
b9a16246,-16.51,26.94,30,1.5,2500,0,2015-12-01,2015-12-01,,,,1400
4c8324a9,-16.93,27.03,20,1,1000,0,2015-12-01,,,,,
6bb5947f,-16.51,26.94,25,1.25,1900,0,2015-12-13,2016-01-11,,,,2100
2391f1b9,-16.92,27.12,70,3.5,2530,0,2015-12-01,2015-12-24,2015-12-01,2015-12-01,2015-12-01,1400
8b05398f,-16.42,26.8,10,0.5,350,0,2015-11-15,,,,,
d708f675,-16.93,27.1,139,6.5,2200,0,2015-12-13,2015-12-24,2015-11-15,2015-12-13,,2100
374633c,-16.94,27.07,20,1,600,0,2015-12-13,,,,,2100
cf811050,-16.94,27.3,30,1.5,4500,0,2016-01-04,2016-01-04,,,,2100
4d730fc4,-16.62,26.82,60,3,3600,0,2016-01-04,2015-11-24,,,,1400
9cd9da27,-15.93,26.51,10,1,350,0,2015-12-01,,,,,
eb3dd1ad,-15.73,26.74,60,3,1250,0,2015-11-24,2015-12-13,,,,
c27bf119,-15.92,26.53,100,5,3640,0,2015-11-15,2016-01-04,,,,
3345e3a9,-16.79,27.3,40,2,2000,0,2015-12-06,,,,,2100
c8def371,-16.75,27.3,10,0.5,1500,0,2015-12-01,,,,,700
56a59f20,-16.5,26.94,25,10.75,1500,0,2015-11-08,2015-12-01,2015-12-24,,,800
92ad49aa,-16.75,27.24,90,3,1200,0,2015-12-24,,,,,
59999ce3,-16.74,27.29,40,2,800,0,2015-12-06,,,,,3012
412c0887,-16.62,26.87,30,3,400,0,2015-11-24,,,,,2100
336ef434,-16.73,26.94,40,2,2300,0,2015-11-24,2015-12-06,2016-01-04,,,1440
50f2c761,-16.73,26.95,70,3.5,7150,0,2015-11-15,2015-11-24,2015-11-24,2015-12-01,2015-12-24,2100
384ddd61,-16.93,27.05,125,6,8000,0,2015-11-24,2015-12-13,2015-11-24,2015-11-15,,1400
4eabc12e,-16.47,26.94,40,3.5,1000,0,2015-11-02,2016-01-11,,,,1500
a169ab47,-16.78,27.34,25,2,5000,0,2015-11-24,,,,,2100
d7ad405c,-16.92,26.96,50,2.5,2100,0,2015-11-02,2015-12-01,,,,
747c28b8,-16.74,26.94,10,0.5,2000,0,2015-11-15,,,,,450
e1837237,-16.98,27.09,70,3.5,4200,0,2016-01-04,2015-12-13,2015-12-24,,,1600
a2ff43d6,-16.57,26.88,5,0.25,500,0,2016-01-11,,,,,
7125365a,-16.93,27.3,40,2,1950,0,2015-12-01,2016-01-04,2015-12-06,2015-12-24,,
6b7b9300,-16.72,26.86,40,2,1500,0,2015-11-08,2015-11-02,2015-12-01,,,4200
284292da,-16.82,26.83,55,2.9,5250,1,2015-12-06,2015-12-06,2015-12-06,2015-12-06,2015-12-06,1600
82ce7c6e,-16.74,26.96,30,1.5,1350,0,2015-11-02,2015-12-01,,,,1440
6f4b0d0b,-17.19,27.11,40,2,11000,0,2015-12-06,2015-12-01,,,,2100
95c5506d,-17.16,27.12,20,2,750,0,2015-12-06,,,,,
39e3a00d,-16.86,26.79,35,1.75,2750,0,2015-11-15,2015-11-08,2015-11-08,,,
7d894233,-16.76,27.31,25,1.5,1750,0,2015-12-13,,,,,
f77eccb9,-16.87,27.27,10,0.5,250,0,2015-12-01,,,,,
2cb80cce,-16.91,27.26,20,1,2000,0,2015-11-15,2015-11-15,,,,2100
1997b1e1,-16.68,26.87,7,1.5,1000,0,2015-12-06,,,,,1400
a67dabaa,-16.83,26.79,30,1.5,4500,0,2015-11-24,2015-12-01,,,,4800
58c48537,-16.26,26.69,40,2,3500,0,2015-12-06,,,,,
11ba5ae1,-16.68,26.86,10,0.5,400,0,2015-12-24,,,,,
42d6db77,-16.83,27.34,60,3,8000,0,2015-11-24,2015-12-01,2015-12-06,,,400
5c5216da,-15.73,26.73,20,1,1400,0,2016-01-18,2016-01-11,,,,
3ed5dd18,-16.68,26.87,60,3,1400,0,2015-12-24,,,,,2100
961abcc6,-16.75,26.95,10,0.5,1500,0,2015-12-13,,,,,1850
545d64f6,-16.25,26.7,30,1.5,600,0,2015-11-08,2015-11-24,2015-12-01,,,
edd659c6,-16.76,26.96,100,5,8700,0,2015-12-01,2015-12-01,2015-11-15,,,3500
df1c2589,-16.83,26.8,55,2.75,4050,0,2015-11-02,2015-11-08,2015-11-08,2015-12-24,,5600
b9851285,-17.19,27.11,30,1.5,2100,0,2015-12-01,,,,,
4ba99667,-16.66,26.85,60,3,13000,0,2015-11-24,,,,,2100
3ac147f8,-16.93,27.11,20,2,3500,0,2015-11-24,2015-12-01,,,,1600
1b005f2,-16.84,26.81,50,2.5,6500,0,2015-11-15,,,,,2000
61dea999,-15.93,26.51,10,0.5,500,0,2015-12-06,2015-12-13,,,,
801c5a12,-16.5,26.94,30,2,1200,1,2015-12-06,2015-12-13,2016-01-04,,,2100
ff20f5ce,-16.39,26.77,60,2.75,3900,0,2015-12-24,2015-12-06,2015-12-24,2015-11-24,,250
6e2ed199,-16.85,26.9,50,2.5,550,0,2015-11-24,2015-12-01,,,,
be5dad44,-16.79,27.13,150,7.5,3250,0,2015-11-02,2016-01-04,2015-12-24,,,
32e4e10b,-17,27.05,231,11.3,32000,0,2015-11-15,2015-12-01,2015-12-01,2015-12-06,2015-12-06,2100
a19e88db,-16.06,26.93,50,2.5,2500,0,2015-12-06,2015-12-13,2015-12-13,2015-12-24,,
2ddee0f0,-16.05,26.99,40,2.25,1000,0,2015-11-15,2015-12-01,,,,
14e32be1,-16.99,27.06,0,0,0,0,,,,,,670
86158cd,-16.84,27,60,3,3350,0,2015-12-13,2015-11-08,2016-01-04,2015-12-06,,1400
6d367a8e,-16.46,26.93,85,4.5,18000,0,2016-01-11,2015-12-24,2016-01-04,2016-01-18,2016-01-18,1400
7c1dc645,-16.89,27.09,20,1,800,0,2015-12-13,2016-01-04,,,,
3fcee436,-16.74,26.96,30,1.5,590,0,2015-12-01,2015-12-06,2015-12-24,,,
d7d42667,-16.79,27.11,20,2,1800,0,2015-11-24,2015-11-24,,,,1900
89f283a8,-16.94,27.07,35,1.75,1075,0,2015-11-24,2015-11-24,2015-12-06,,,2100
56df2fa7,-16.66,26.86,220,11,8000,0,2015-12-06,,,,,
a535bd26,-16.05,26.99,110,5.25,5150,0,2015-11-08,2015-12-13,2016-01-04,,,
616294dd,-16.93,27.31,15,0.75,600,0,2015-12-01,2015-12-06,2015-12-24,,,2100
154d5fac,-16.92,27.12,90,4.5,3400,0,2015-11-15,2015-12-01,2015-12-06,,,
d042b24e,-16.96,27.1,40,3.5,1150,0,2015-11-24,2015-12-01,,,,
7e9ebc8,-16.97,27.33,15,0.75,1000,0,2015-12-01,2015-12-13,,,,
4a23aa8,-16.95,27.1,43,5,9000,0,2015-11-24,2015-12-01,,,,1400
4ba8d191,-16.94,26.98,70,3.5,7500,0,2015-12-01,2016-01-04,2016-01-11,,,400
de0771d8,-16.76,26.97,50,2.5,2600,0,2015-11-08,2015-12-13,2015-12-24,,,1950
3af88807,-16.72,27.23,60,3,6225,0,2015-12-01,2015-12-13,2015-12-13,,,2580
5b1efbbf,-16.68,26.86,30,1.5,3000,0,2015-12-24,2015-11-08,2015-11-02,,,1400
bf8e6248,-16.84,27.04,25,1.25,3000,0,2015-12-06,2015-12-24,2015-12-24,,,400
d5d753ca,-17.2,27.09,15,0.75,1000,0,2016-01-04,,,,,
c2f29681,-17.15,27.15,20,1,2160,0,2015-12-06,2015-12-13,,,,
38b5d7cb,-16.04,26.93,5,0.25,400,0,2015-11-08,,,,,
d6085601,-16.97,27.09,50,2.5,5400,0,2015-11-15,2015-12-13,2016-01-04,,,2100
31185da0,-16.48,26.94,30,1.5,1200,0,2015-12-01,,,,,
416bd907,-16.73,26.95,40,2,5150,0,2015-11-02,2015-12-01,2015-12-06,,,450
3e5a6ebf,-16.75,26.98,40,2,1700,0,2015-12-13,2015-11-24,,,,
74934ba0,-16.45,26.77,40,2,400,0,2015-11-08,,,,,
272ac349,-16.41,26.78,30,1,300,0,2015-12-06,,,,,
9e2c73d4,-17.15,27.14,30,1.5,3750,0,2015-11-08,2015-12-01,2015-12-06,,,
b64e3a38,-16.39,26.77,60,3,5500,0,2015-12-24,2016-01-04,,,,
5da2f23d,-16.78,27.13,15,1.25,1350,0,2015-12-06,2015-12-13,,,,2100
cc2489,-16.84,26.81,40,2,3850,0,2015-11-24,2015-12-24,,,,4140
5c93e9b0,-16.25,26.69,110,4,10350,0,2015-12-13,2015-12-13,2015-12-13,2016-01-18,,
b1b153de,-16.97,26.99,70,3.5,6000,0,2016-01-04,,,,,957
b78e670d,-15.72,26.72,70,3.5,4750,0,2015-12-13,2015-11-15,2015-12-13,,,
294e1554,-16.78,27.32,60,3.1,1750,0,2015-11-02,2015-11-08,2015-12-24,,,400
8dbef106,-16.88,27.27,10,0.5,500,0,2015-11-24,,,,,
77ffbb22,-16.85,26.81,20,1,1000,0,2015-12-01,,,,,
c0c478a6,-16.71,26.88,15,0.8,0,0,2015-11-15,,,,,
7267fbfc,-16.25,26.7,110,5.5,2400,0,2015-12-24,2015-12-24,,,,
3d8e9cb3,-17.19,27.11,80,4,7000,0,2015-12-13,2015-12-13,2016-01-04,,,2100
97c58922,-15.75,26.76,100,7,1800,0,2015-11-08,2015-12-24,,,,
554048f9,-16.47,26.76,15,1,500,0,2015-12-06,,,,,1980
b5639b63,-16.85,26.81,40,1,800,0,2015-11-24,,,,,1800
98296d87,-15.92,26.53,30,2,2500,0,2015-11-15,2015-12-01,,,,
f032d085,-16.72,26.87,60,3.1,5000,0,2015-11-24,2015-11-24,2015-12-01,2015-12-06,,500
ff1b1f69,-16.84,27,5,10.25,2000,0,2015-11-15,2015-12-01,,,,400
64463c84,-15.92,26.52,45,2.25,3825,0,2015-12-06,2015-12-13,2015-12-13,2016-01-04,,
2d8803b6,-16.68,26.87,120,5.5,6000,0,2015-11-15,2015-11-15,2015-12-01,2016-01-04,,1600
506f0076,-16.45,26.77,30,1.5,500,0,2015-11-24,2015-12-01,2015-12-06,,,500
ba7a586e,-17,27.06,80,4,25200,0,2015-12-06,2015-12-06,2015-12-13,2015-12-13,,3600
c9c92a3c,-16.42,26.78,65,3.25,1350,0,2015-11-15,2015-11-15,2015-12-01,,,
7488c9fb,-15.72,26.72,180,9,10000,1,2015-12-06,,,,,
a783633d,-16.49,26.95,40,1.9,1350,0,2015-11-15,2015-11-24,2015-12-06,2016-01-04,,2100
5bcee3b6,-15.73,26.73,15,1,600,0,2016-01-04,,,,,
465009f9,-16.74,27.23,0,0,0,0,,,,,,
f65e1ed7,-16.42,26.78,10,0.5,100,0,2016-01-04,2016-01-04,,,,
1240fb4f,-16.83,27.04,35,1.75,3250,0,2015-12-13,2015-11-15,2016-01-11,,,2100
acceb152,-17.16,27.14,40,2,4680,0,2016-01-04,2016-01-04,2016-01-04,2016-01-04,,
69203e00,-16.77,27.11,30,1.5,590,0,2015-12-01,2015-12-13,2015-12-24,,,2100
e08c1bec,-16.55,26.96,15,0.75,1200,1,2015-11-08,2015-12-13,,,,1600
cc8f3750,-15.72,26.72,200,10,3000,0,2015-12-01,,,,,
464c45a6,-16.92,27.12,15,0.75,900,0,2015-12-01,2016-01-04,,,,105
a6d55fa1,-16.84,26.81,30,1.5,3000,0,2015-11-15,,,,,
38cc9d2a,-16.03,26.93,100,4,800,0,2015-12-24,2015-11-02,,,,
648ae940,-16.03,26.93,20,1,700,0,2015-12-01,,,,,
abfb8c1e,-17.21,27.11,20,0.75,1250,0,2015-12-13,2015-12-06,,,,
23307ffb,-16.62,26.87,10,1,750,0,2015-11-24,,,,,2100
eb595975,-16.99,27.06,40,2,1250,0,2015-11-08,2015-12-06,,,,1620
82c11c7a,-16.42,26.8,30,1.5,900,0,2015-11-08,,,,,2100
e7452028,-16.76,27.3,30,0.75,1350,0,2015-11-15,2016-01-04,2016-01-11,,,2070
6e2b04bd,-17.15,27.15,40,2,200,0,2016-01-04,2015-11-08,2015-11-08,,,
e8a27018,-16.42,26.8,15,0.75,650,0,2015-12-01,2015-12-06,,,,
7605ad69,-16.25,26.7,50,2.5,500,0,2015-12-13,,,,,
fd42235a,-15.93,26.51,40,2,1200,0,2015-11-08,,,,,
4671abf6,-16.75,27.29,20,1,1250,0,2016-01-11,,,,,1450
28160d51,-16.72,26.86,50,2.5,8000,0,2015-12-01,2015-11-08,2015-12-13,2015-12-06,,2100
2034e7ec,-16.03,26.93,30,1.5,3400,0,2015-12-01,2015-12-24,,,,
e762ff7a,-16.83,27.34,115,5.75,17000,0,2015-11-08,2015-12-01,,,,2100
5bcc270d,-16.61,26.82,100,4.5,2450,0,2015-11-15,2015-11-15,2015-12-13,2015-12-24,2015-12-24,2100
67742a96,-16.51,26.94,110,5.5,3700,0,2015-11-15,2015-12-01,,,,1600
1df4cf7b,-15.91,26.52,80,4,6050,0,2015-12-01,2015-12-06,2015-12-06,2016-01-11,,
f8050d07,-16.59,26.82,60,2.5,5500,0,2015-12-01,2015-11-15,2016-01-04,,,
f982ec76,-16.67,26.86,50,2.75,5000,0,2015-11-15,,,,,2100
ea97781a,-16.41,26.78,20,1,2200,0,2015-12-01,,,,,
5f757f7a,-15.92,26.53,55,3,6175,0,2015-12-13,2015-12-24,2015-12-24,,,
f39ecbf0,-16.03,26.93,95,5,2000,0,2015-11-15,2015-12-06,2015-12-13,2015-12-24,2016-01-04,
c40e584a,-16.68,26.86,10,0.5,200,0,2016-01-11,,,,,
bd520aad,-16.82,26.83,5,0.5,500,0,2016-01-18,,,,,1800
b359890a,-16.88,27.27,30,1.5,401,0,2015-12-06,2015-12-01,,,,
e0850ad3,-16.06,26.97,60,5,2000,0,2015-11-02,2015-12-01,,,,
13472df2,-16.91,27.25,15,0.75,1500,0,2015-12-13,2015-12-24,,,,2100
fa6f6c38,-16.76,27.33,40,2,4000,0,2015-11-24,2015-12-13,2015-12-24,2015-12-24,,
c7a4f133,-16.66,26.86,15.75,15.75,1700,0,2015-11-24,2015-11-24,,,,2100
3d2094c7,-15.91,26.52,60,3,2750,0,2015-12-01,2015-12-13,2015-12-13,2015-12-24,,
be306a0e,-16.05,26.97,40,4,810,0,2015-12-24,,,,,
ba011191,-16.23,26.67,100,5,12500,0,2016-01-11,,,,,
10b4efbc,-16.55,26.96,15,0.75,250,0,2015-11-24,2015-11-24,,,,370
2b524977,-16.75,26.97,18,0.95,850,0,2015-11-02,2015-12-13,,,,300
1ab8c60d,-16.88,26.79,40,2,2950,0,2015-11-08,2015-11-24,,,,2100
7f7bb8c7,-16.91,26.96,35,2.1,3600,0,2015-11-08,2015-12-01,,,,800
c9af87bf,-16.82,26.97,40,1.5,5900,0,2015-12-01,2015-12-24,,,,
cfd1c,-15.71,26.71,20,0.5,100,0,2015-12-01,,,,,
a881c206,-17.15,27.14,35,1.75,3000,0,2015-12-01,2015-12-06,2015-12-13,2015-12-24,,
ba03c77d,-16.71,26.9,40,2,3180,0,2015-12-01,2015-12-13,,,,2065
f0749c42,-16.9,27.28,70,3.5,4300,0,2015-12-13,2015-12-13,,,,0
91765d0d,-16.74,26.94,40,2,4000,0,2015-11-08,2015-11-15,,,,1780
7c8bdfe7,-16.72,26.86,40,2,900,0,2016-01-04,2016-01-04,2015-12-06,2015-12-06,,4200
f80ad9f4,-16.78,27.09,40,2,3800,0,2015-12-01,2015-12-06,2015-12-13,2016-01-04,,
6c2cc12,-15.74,26.74,10,0.25,800,0,2016-01-04,,,,,
23e348a6,-17.2,27.11,15,0.75,750,0,2015-12-13,,,,,
22a04b46,-16.92,27.12,25,1.25,3600,0,2015-11-24,2015-12-24,2016-01-18,,,
c970c218,-16.77,27.13,30,1.5,2400,0,2015-11-15,2015-11-15,2015-12-01,,,1280
8b5b3e5d,-16.93,27.3,20,1.5,1750,0,2015-11-15,2015-12-24,,,,1700
601f836b,-16.74,26.94,10,0.5,500,0,2015-12-01,,,,,
98a116c7,-15.92,26.53,20,3,1750,0,2015-11-08,,,,,
a8105d26,-16.91,26.95,20,1,890,0,2015-12-24,,,,,
f4b399e6,-16.91,27.11,40,2,1750,0,2015-11-08,2015-11-08,2015-12-06,2016-01-04,,
f613a24f,-16.03,26.93,40,2,400,0,2015-12-01,2016-01-18,,,,
c438b21c,-16.23,26.67,40,2,3250,0,2015-12-01,2015-12-06,,,,
8a6fc032,-16.86,26.91,40,2,1450,0,2015-11-08,2015-12-01,2015-12-13,,,400
f1a27f31,-16.77,27.31,55,3.25,800,0,2015-11-02,2015-11-15,2015-11-24,,,800
8e9c7758,-15.93,26.51,25,1.25,900,0,2015-12-01,2016-01-04,,,,
16c2c4e0,-16.26,26.69,40,2,2250,0,2015-12-01,,,,,
b284e43a,-16.05,26.97,120,5,4800,0,2015-12-13,,,,,
c5f9e062,-16.88,26.79,25,1.25,9500,0,2015-12-24,2016-01-04,,,,2100
841ccf8a,-16.86,26.78,40,2,3000,0,2015-12-01,2015-12-06,2015-12-13,,,1800
2171bfca,-16.77,27.24,0,0,0,0,,,,,,
da48e1a5,-17.19,27.11,50,2.5,2550,0,2015-12-13,2016-01-04,,,,800
4968ac09,-17.2,27.11,20,3,3200,0,2015-11-15,2015-12-06,,,,2100
c1e20d60,-16.74,26.94,60,3,4030,0,2015-11-24,2015-12-01,2015-12-13,,,2100
6219f850,-16.93,27.06,30,1.5,5175,0,2015-11-15,2015-11-15,2015-12-01,,,2800
4708c680,-16.06,26.93,20,1,250,0,2015-12-01,,,,,
e852f901,-17.2,27.1,20,1,1000,0,2015-12-01,,,,,
c73a4163,-16.78,27.11,20,1,1400,0,2015-12-24,2015-11-08,,,,
6d7e1e64,-16.59,26.87,15,0.75,1200,0,2016-01-11,2015-11-24,,,,1700
7b45c011,-16.6,26.86,40,2,3000,0,2015-12-01,2015-12-06,,,,2100
6ca8b106,-16.91,27.26,30,1.5,3150,0,2015-12-01,2015-12-13,,,,2100
f0aa8ee9,-16.61,26.8,20,1,1000,0,2015-11-15,,,,,
eb130792,-15.06,26.74,45,3,500,0,2015-12-13,2015-12-24,,,,
1c8c16c2,-15.71,26.71,15,2,300,0,2015-12-01,,,,,
1a6dbd79,-16.23,26.67,80,4,3750,0,2015-12-01,2015-12-06,2015-12-13,,,
a9bef24f,-16.85,26.78,35,1.75,6450,0,2015-12-06,2015-11-24,2015-12-13,,,2016
966908fc,-15.91,26.51,20,1,2000,0,2015-12-01,,,,,
ba4803ac,-17,27.06,10,1,600,0,2015-12-13,,,,,800
f5c10250,-16.93,27.04,40,2,4050,0,2015-12-01,2015-12-13,2015-12-24,,,1400
936ded02,-16.49,26.94,25,1.5,2700,0,2016-01-04,,,,,500
5f140d1d,-16.42,26.78,25,1.25,400,0,2015-12-01,2016-01-04,,,,
6bd799e5,-16.78,27.11,50,4,3750,0,2015-12-13,,,,,2100
e85801b2,-16.05,26.98,40,3,330,0,2016-01-04,,,,,
41250f52,-16.93,27.26,30,1.5,1890,0,2015-12-06,2015-12-13,,,,
c9a999a0,-16.05,26.99,70,3,3000,0,2015-11-15,,,,,
e4a48dac,-16.48,26.95,30,1.5,2500,0,2015-11-15,2015-11-15,2015-12-13,,,1500
ccadbe25,-16.89,27.27,15,1,0,0,2015-12-13,,,,,
f07f5916,-15.93,26.51,30,1.5,2500,0,2015-12-01,2015-12-13,,,,
14b314,-16.86,26.9,40,3,5950,0,2015-12-06,2015-12-24,2015-12-24,,,
33027eff,-16.84,26.79,25,1.5,2250,0,2015-11-02,2015-11-15,2015-11-24,,,450
81059867,-16.71,26.96,30,1.5,4600,0,2015-11-24,2015-12-01,2015-11-24,2015-12-01,,1400
127d01b8,-15.72,26.72,30,2,1750,0,2015-12-06,,,,,
40ec30e3,-16.25,26.7,30,1.5,3600,0,2015-12-13,2015-12-24,,,,
d11b08de,-16.23,26.67,30,2,1250,0,2015-12-06,,,,,
1059600a,-16.92,26.98,30,2.5,1600,0,2015-11-08,2016-01-04,,,,
1ed8581e,-17.16,27.12,5,0.25,400,0,2015-12-01,,,,,
c1be5fd9,-15.93,26.52,15,1.4,600,0,2015-12-13,2015-12-24,,,,450
7e2c1b09,-16.79,27.13,15,0.75,1500,0,2015-11-02,2015-12-06,,,,
1d2e9905,-16.75,26.94,10,0.5,500,0,2015-11-15,,,,,1400
14ffa396,-16.39,26.77,40,2,4250,0,2015-11-24,2015-12-01,2015-12-13,,,1400
5f15948a,-15.71,26.71,15,1,200,0,2015-12-13,,,,,
722532e,-16.83,26.8,55,2.75,2700,0,2015-10-26,2015-11-02,2015-12-01,,,1344
b08d5237,-16.71,26.87,10,0.4,0,0,2015-12-24,,,,,
80e1e675,-15.91,26.51,50,2.5,2500,0,2015-11-02,2015-11-24,,,,
f2f4ce7e,-17.2,27.1,20,1,2500,0,2015-10-26,,,,,
50132a3e,-16.73,27.23,60,3,3500,0,2015-12-24,2016-01-04,2015-11-24,,,1400
78a85864,-16.92,27.11,10,0.5,500,0,2015-12-01,,,,,
5c1e3f0a,-15.75,26.76,20,1,8750,0,2015-12-24,,,,,
97905d53,-16.41,26.78,30,1.75,1350,0,2015-11-24,,,,,
b818946a,-16.47,26.77,40,3,100,0,2015-12-06,,,,,2100
38f3df53,-16.91,26.95,85,4.25,13700,0,2015-11-15,2015-11-15,2015-12-06,2015-12-24,,21000
10a5a348,-16.45,26.77,130,8.3,10200,0,2015-11-15,2015-12-01,2015-12-13,,,
19933068,-17,27.05,20,1,1000,0,2015-12-01,,,,,800
e879aed,-16.79,27.13,35,1.75,3100,0,2015-12-01,2015-11-15,2015-12-24,2015-11-15,,
2cd3b83b,-16.73,27.24,32,1.65,4900,0,2015-12-01,2015-12-13,2015-12-01,2016-01-04,,2100
24c906e2,-16.87,27.28,20,1,450,0,2015-12-06,,,,,400
dd805a0b,-16.62,26.87,30,1.5,250,0,2015-11-24,,,,,2100
f8788bea,-15.71,26.71,15,2,1500,0,2015-12-13,,,,,
8e54c09,-16.84,26.81,70,3.5,400,0,2015-12-01,,,,,1200
8ffd97b5,-15.73,26.74,50,2.5,2550,0,2015-12-01,2015-12-13,2015-12-01,,,
c8787e7c,-16.49,26.94,60,3,1625,0,2015-11-15,2015-12-13,2016-01-18,2015-11-15,,1320
41f01ecd,-16.71,26.87,40,2,0,0,2015-11-02,2015-12-01,,,,550
2848af56,-16.86,26.8,40,2,3300,0,2015-11-24,2015-12-01,,,,1740
3be149d7,-16.59,26.86,30,1.5,200,0,2015-12-06,2015-12-13,2015-12-13,,,2100
ada85918,-16.95,27.08,65,3.25,2000,0,2015-11-24,2015-12-01,2015-11-15,2015-12-01,,1600
72bccd53,-16.47,26.76,40,2,3000,0,2015-12-01,2015-12-13,,,,2100
45449c49,-15.75,26.76,50,1,2000,0,2015-11-02,2015-11-08,2015-12-13,2016-01-04,,
f39e0412,-16.82,26.83,80,4,7000,0,2015-12-01,2015-12-01,2015-11-24,2015-12-01,,1520
c513e947,-16.76,26.98,5,0.25,500,0,2015-12-01,,,,,
17f55c18,-16.84,26.79,35,2,2700,0,2015-11-24,2015-11-02,2015-11-08,,,1400
9fe5e99a,-15.73,26.74,80,4,10000,0,2015-12-01,2015-12-06,,,,
48ab905,-15.92,26.53,100,5,2500,0,2015-11-08,2015-12-06,2015-12-01,,,
3395a322,-16.91,27.1,20,1,500,0,2015-11-24,2015-12-01,,,,
44c79a32,-16.75,27.29,55,2.75,9000,0,2015-11-15,2015-11-15,2015-12-24,,,1400
d0e15b5b,-16.23,26.67,50,2.5,450,0,2015-11-15,2015-12-01,,,,
d381ea83,-16.88,27.28,5,0.5,500,0,2015-12-24,,,,,250
69a3d01,-16.95,27.09,50,2.5,5000,0,2015-12-01,2015-12-13,2015-12-24,,,400
cf9adcbc,-16.83,26.8,42,2.1,2800,0,2015-12-01,2015-12-06,2015-12-06,,,1344
b0e33292,-17.2,27.1,30,1.5,1000,0,2015-12-01,2016-01-04,2016-01-04,,,
efd7b175,-16.88,27.27,40,2,2000,0,2015-12-01,,,,,
b28ef21f,-15.91,26.53,70,3.5,2250,0,2015-11-08,2015-12-01,2015-12-24,,,
f0225ee,-17,27.05,15,0.75,900,0,2015-12-06,2015-12-06,,,,
a047173e,-16.74,27.24,110,8.25,3800,0,2015-12-06,2015-12-13,2015-12-24,2015-12-13,2016-01-04,2100
e714a15e,-16.69,26.87,20,1,150,0,2015-12-13,,,,,
3d271828,-16.25,26.69,53,4,3555,0,2015-12-13,2015-11-15,,,,
cc764dee,-16.91,27.09,20,1,1400,0,2015-12-01,2015-12-24,,,,
48d8bf4,-16.87,27.27,160,10.5,13000,0,2015-11-24,2015-12-01,2015-12-24,2015-12-13,2016-01-04,
5b77efa6,-16.9,27.29,15,0.75,1000,0,2015-11-15,2015-11-15,,,,1000
cbd9af0c,-16.84,26.79,40,2,2000,0,2015-12-06,,,,,
e7564c19,-16.24,26.68,40,2,1750,0,2015-11-08,2015-11-15,,,,2100
36ba0caf,-16.83,26.82,30,1.5,2100,0,2015-11-02,,,,,3200
c66f9f6a,-16.06,26.93,30,1.8,3000,0,2015-12-06,2015-12-13,2015-12-24,,,
5ff1b158,-16.05,26.98,60,3,1100,1,2016-01-04,2016-01-11,,,,
652968be,-16.26,26.69,50,2.5,2200,0,2015-11-24,,,,,
8a4f50bf,-15.92,26.53,50,3,3600,0,2015-12-01,2015-12-24,,,,
ccc99842,-16.06,26.93,20,1,1400,0,2015-12-24,2016-01-11,,,,
90706004,-16.47,26.77,25,2,1000,0,2015-12-01,,,,,1700
a6170fcb,-16.87,27.28,20,1.25,2500,0,2015-12-24,2016-01-04,,,,
ac1fa5a2,-16.9,27.02,30,1.5,2750,0,2015-12-06,2015-11-24,,,,1400
872b839d,-16.03,26.93,45,1,750,0,2015-12-01,2016-01-11,,,,
c6f93740,-16.77,27.31,35,2.45,1050,0,2015-11-15,2015-12-13,,,,
c010b748,-16.73,26.94,80,4,11400,0,2015-11-24,2015-12-01,,,,2100
dba1d7d2,-16.92,27.26,41,2.05,3850,0,2015-12-13,2016-01-04,2016-01-04,2015-12-13,2015-12-13,
6857cda7,-16.45,26.77,70,3.5,6000,0,2015-11-02,2015-11-15,2015-12-01,2015-12-06,2015-12-24,800
9e4460b2,-16.77,27.31,50,2.5,2250,0,2015-12-24,2015-12-24,,,,
c1cf3ef7,-16.59,26.88,30,1.5,600,0,2015-12-01,2015-11-24,2015-11-24,,,
da6a6cc5,-16.68,26.87,20,2,2500,0,2015-11-02,2015-12-01,,,,1800
8357f4fa,-16.94,27.01,30,1.5,3050,0,2015-12-01,2015-12-24,,,,
5c362c5e,-16.92,26.96,60,3,12000,0,2015-11-15,2015-11-24,2015-11-24,2015-12-01,2015-12-01,
75332bf,-16.74,26.96,15,0.75,500,0,2015-12-06,2015-11-02,,,,
e3048e5,-16.26,26.69,10,0.5,300,0,2015-11-08,,,,,
662b39fa,-16.53,26.92,20,1,1000,0,2015-11-24,2015-12-13,,,,320
769c6d3e,-17.2,27.09,50,2.5,5750,0,2015-11-24,2015-12-01,2015-12-13,,,
e9e729e,-16.6,26.83,20,1,550,0,2015-12-24,2015-12-01,,,,
2011fa01,-16.86,26.77,150,7,17000,0,2015-12-01,2015-12-01,2015-12-06,2015-12-13,2016-01-04,400
382314cc,-16.92,27.12,45,2.25,2750,0,2015-12-01,2015-12-01,2015-12-06,,,3200
8db1ebe9,-16.92,26.98,25,1.25,2800,0,2015-12-01,2015-12-06,,,,400
bcb6dd2,-16.55,26.96,10,0.5,400,0,2015-11-24,,,,,
9c4f69fc,-16.98,27.11,20,1,2000,0,2015-11-15,2015-12-01,,,,
fced164b,-16.6,26.82,45,2.25,1350,0,2015-11-15,2015-11-15,2015-11-24,2015-12-01,2016-01-04,
6df15f0e,-16.71,26.87,25,1.15,550,0,2015-11-24,2015-12-06,2015-12-24,,,400
6f79a2e6,-16.87,27.28,40,2,3500,0,2015-12-06,2015-12-13,,,,230
c384bc56,-15.71,26.71,15,1.5,250,0,2015-12-06,,,,,
7492907a,-16.88,26.79,25,1.25,1850,0,2015-11-24,2015-12-24,2015-12-24,,,4700
b2e5cb14,-16.26,26.7,40,2,2800,0,2016-01-04,,,,,
fcf0f694,-17.19,27.11,50,3,3100,0,2015-12-13,,,,,
fb1814fa,-16.91,27.06,60,3,6500,0,2015-11-08,2015-12-01,2015-12-06,,,2000
938bd8d4,-16.51,26.94,10,0.5,1000,0,2015-11-02,,,,,1400
58ee15c1,-17.2,27.1,20,1,2000,0,2015-12-06,2016-01-04,,,,2100
5cf39122,-16.91,27.25,100,5,16500,0,2015-12-13,2015-12-24,,,,2100
477d1387,-16.26,26.69,30,1.5,1100,0,2015-11-02,,,,,
c08fc974,-16.59,26.86,25,1.25,1000,0,2015-11-08,2015-11-24,2015-12-06,,,2040
e1f4bacb,-16.44,26.77,50,2.5,2500,0,2015-12-01,2015-12-13,,,,2100
32f8871a,-15.92,26.53,15,1,600,0,2015-12-06,,,,,
8d8d2be3,-17.16,27.14,40,3.5,250,0,2015-12-01,,,,,
6ac18061,-16.61,26.83,40,2,8600,0,2015-12-06,2015-12-24,2015-12-24,,,
747b5c49,-16.97,27.09,20,1,4000,0,2015-11-24,2015-12-01,,,,350
42cec7ca,-16.75,27.24,30,1.5,750,0,2015-12-13,2015-12-24,,,,
1e3dd75b,-16.39,26.77,20,1,1000,0,2016-01-18,2016-01-18,,,,
1f4d87ac,-16.79,27.31,25,1.25,1100,0,2015-11-02,2015-11-15,2015-11-24,,,400
1068e1fa,-17,27.05,10,0.5,1700,0,2015-12-06,,,,,
4892c07a,-15.74,26.76,80,3,5580,0,2016-01-04,2016-01-04,2015-12-24,,,
cd24d523,-15.08,26.74,20,1,800,0,2015-12-24,2015-12-24,2016-01-04,,,
8f033f87,-16.95,27.07,74,5.5,3150,0,2015-11-02,2015-12-01,2015-12-24,2016-01-04,,
83573f17,-16.72,26.88,10,0.5,400,0,2015-12-06,,,,,2100
d84a7fcd,-16.84,26.79,80,4,11200,0,2015-11-15,2015-11-15,2015-12-01,2015-12-01,,1344
78e3668a,-15.93,26.51,20,1,1200,0,2015-11-24,,,,,
92432e1a,-16.04,26.94,20,1,0,0,2015-11-15,,,,,
9ea7867,-15.92,26.53,15,1.5,1200,0,2015-11-24,,,,,
e92e9e8a,-16.98,27.09,40,2,3000,0,2016-01-18,,,,,2100
1567897,-16.86,26.77,70,3.5,9000,0,2015-11-15,2015-12-06,2015-12-24,,,1350
dde899eb,-16.85,26.83,5,0.25,440,0,2015-11-24,,,,,1400
c84af34c,-16.9,27.29,10,0.5,1350,0,2015-12-24,2016-01-04,,,,
c499e990,-16.61,26.87,50,2.5,2600,0,2015-12-13,2015-12-24,2015-12-13,2016-01-04,,
