podid,lat,lon,date,rain
B00001,-15.75246,26.76351,2016-10-12,2.54
B00001,-15.75246,26.76351,2016-10-13,0
B00001,-15.75246,26.76351,2016-10-14,2.794
B00001,-15.75246,26.76351,2016-10-15,0
B00001,-15.75246,26.76351,2016-10-16,0
B00001,-15.75246,26.76351,2016-10-17,0
B00001,-15.75246,26.76351,2016-10-18,0
B00001,-15.75246,26.76351,2016-10-19,0
B00001,-15.75246,26.76351,2016-10-20,0
B00001,-15.75246,26.76351,2016-10-21,0
B00001,-15.75246,26.76351,2016-10-22,0
B00001,-15.75246,26.76351,2016-10-23,0
B00001,-15.75246,26.76351,2016-10-24,0
B00001,-15.75246,26.76351,2016-10-25,0
B00001,-15.75246,26.76351,2016-10-26,0
B00001,-15.75246,26.76351,2016-10-27,0
B00001,-15.75246,26.76351,2016-10-28,0
B00001,-15.75246,26.76351,2016-10-29,0
B00001,-15.75246,26.76351,2016-10-30,0
B00001,-15.75246,26.76351,2016-10-31,0
B00001,-15.75246,26.76351,2016-11-01,0
B00001,-15.75246,26.76351,2016-11-02,0
B00001,-15.75246,26.76351,2016-11-03,0
B00001,-15.75246,26.76351,2016-11-04,0
B00001,-15.75246,26.76351,2016-11-05,0
B00001,-15.75246,26.76351,2016-11-06,0
B00001,-15.75246,26.76351,2016-11-07,0
B00001,-15.75246,26.76351,2016-11-08,0
B00001,-15.75246,26.76351,2016-11-09,0
B00001,-15.75246,26.76351,2016-11-10,0
B00001,-15.75246,26.76351,2016-11-11,0
B00001,-15.75246,26.76351,2016-11-12,0
B00001,-15.75246,26.76351,2016-11-13,0
B00001,-15.75246,26.76351,2016-11-14,0.508
B00001,-15.75246,26.76351,2016-11-15,0
B00001,-15.75246,26.76351,2016-11-16,0
B00001,-15.75246,26.76351,2016-11-17,0
B00001,-15.75246,26.76351,2016-11-18,0
B00001,-15.75246,26.76351,2016-11-19,0
B00001,-15.75246,26.76351,2016-11-20,6.096
B00001,-15.75246,26.76351,2016-11-21,4.826
B00001,-15.75246,26.76351,2016-11-22,0
B00001,-15.75246,26.76351,2016-11-23,0
B00001,-15.75246,26.76351,2016-11-24,4.064
B00001,-15.75246,26.76351,2016-11-25,67.31
B00001,-15.75246,26.76351,2016-11-26,20.066
B00001,-15.75246,26.76351,2016-11-27,0.254
B00001,-15.75246,26.76351,2016-11-28,0
B00001,-15.75246,26.76351,2016-11-29,0
B00001,-15.75246,26.76351,2016-11-30,0
B00001,-15.75246,26.76351,2016-12-01,0
B00001,-15.75246,26.76351,2016-12-02,0
B00001,-15.75246,26.76351,2016-12-03,0
B00001,-15.75246,26.76351,2016-12-04,0
B00001,-15.75246,26.76351,2016-12-05,0
B00001,-15.75246,26.76351,2016-12-06,0
B00001,-15.75246,26.76351,2016-12-07,0
B00001,-15.75246,26.76351,2016-12-08,0.508
B00001,-15.75246,26.76351,2016-12-09,6.858
B00001,-15.75246,26.76351,2016-12-10,3.302
B00001,-15.75246,26.76351,2016-12-11,11.176
B00001,-15.75246,26.76351,2016-12-12,65.786
B00001,-15.75246,26.76351,2016-12-13,0
B00001,-15.75246,26.76351,2016-12-14,16.51
B00001,-15.75246,26.76351,2016-12-15,0.254
B00001,-15.75246,26.76351,2016-12-16,0
B00001,-15.75246,26.76351,2016-12-17,2.794
B00001,-15.75246,26.76351,2016-12-18,4.826
B00001,-15.75246,26.76351,2016-12-19,0
B00001,-15.75246,26.76351,2016-12-20,1.27
B00001,-15.75246,26.76351,2016-12-21,0
B00001,-15.75246,26.76351,2016-12-22,0
B00001,-15.75246,26.76351,2016-12-23,0
B00001,-15.75246,26.76351,2016-12-24,0
B00001,-15.75246,26.76351,2016-12-25,14.224
B00001,-15.75246,26.76351,2016-12-26,0.508
B00001,-15.75246,26.76351,2016-12-27,0
B00001,-15.75246,26.76351,2016-12-28,1.27
B00001,-15.75246,26.76351,2016-12-29,0.254
B00001,-15.75246,26.76351,2016-12-30,46.736
B00001,-15.75246,26.76351,2016-12-31,0
B00001,-15.75246,26.76351,2017-01-01,5.588
B00001,-15.75246,26.76351,2017-01-02,2.286
B00001,-15.75246,26.76351,2017-01-03,4.826
B00001,-15.75246,26.76351,2017-01-04,3.048
B00001,-15.75246,26.76351,2017-01-05,0
B00001,-15.75246,26.76351,2017-01-06,5.588
B00001,-15.75246,26.76351,2017-01-07,1.016
B00001,-15.75246,26.76351,2017-01-08,12.954
B00001,-15.75246,26.76351,2017-01-09,7.874
B00001,-15.75246,26.76351,2017-01-10,1.778
B00001,-15.75246,26.76351,2017-01-11,1.524
B00001,-15.75246,26.76351,2017-01-12,0.254
B00001,-15.75246,26.76351,2017-01-13,2.54
B00001,-15.75246,26.76351,2017-01-14,0.762
B00001,-15.75246,26.76351,2017-01-15,8.89
B00001,-15.75246,26.76351,2017-01-16,7.874
B00001,-15.75246,26.76351,2017-01-17,0.254
B00001,-15.75246,26.76351,2017-01-18,11.938
B00001,-15.75246,26.76351,2017-01-19,16.002
B00001,-15.75246,26.76351,2017-01-20,44.704
B00001,-15.75246,26.76351,2017-01-21,17.272
B00001,-15.75246,26.76351,2017-01-22,24.638
B00001,-15.75246,26.76351,2017-01-23,0.254
B00001,-15.75246,26.76351,2017-01-24,0
B00001,-15.75246,26.76351,2017-01-25,1.778
B00001,-15.75246,26.76351,2017-01-26,24.638
B00001,-15.75246,26.76351,2017-01-27,4.064
B00001,-15.75246,26.76351,2017-01-28,0
B00001,-15.75246,26.76351,2017-01-29,3.81
B00001,-15.75246,26.76351,2017-01-30,23.622
B00001,-15.75246,26.76351,2017-01-31,0.508
B00001,-15.75246,26.76351,2017-02-01,24.384
B00001,-15.75246,26.76351,2017-02-02,5.842
B00001,-15.75246,26.76351,2017-02-03,3.302
B00001,-15.75246,26.76351,2017-02-04,46.482
B00001,-15.75246,26.76351,2017-02-05,13.462
B00001,-15.75246,26.76351,2017-02-06,8.128
B00001,-15.75246,26.76351,2017-02-07,6.604
B00001,-15.75246,26.76351,2017-02-08,0
B00001,-15.75246,26.76351,2017-02-09,0
B00001,-15.75246,26.76351,2017-02-10,4.572
B00001,-15.75246,26.76351,2017-02-11,0
B00001,-15.75246,26.76351,2017-02-12,0
B00001,-15.75246,26.76351,2017-02-13,0
B00001,-15.75246,26.76351,2017-02-14,0.508
B00001,-15.75246,26.76351,2017-02-15,18.034
B00001,-15.75246,26.76351,2017-02-16,3.302
B00001,-15.75246,26.76351,2017-02-17,8.636
B00001,-15.75246,26.76351,2017-02-18,0
B00001,-15.75246,26.76351,2017-02-19,81.28
B00001,-15.75246,26.76351,2017-02-20,23.622
B00001,-15.75246,26.76351,2017-02-21,1.778
B00001,-15.75246,26.76351,2017-02-22,0.762
B00001,-15.75246,26.76351,2017-02-23,0
B00001,-15.75246,26.76351,2017-02-24,0
B00001,-15.75246,26.76351,2017-02-25,17.526
B00001,-15.75246,26.76351,2017-02-26,17.526
B00001,-15.75246,26.76351,2017-02-27,4.826
B00001,-15.75246,26.76351,2017-02-28,24.892
B00001,-15.75246,26.76351,2017-03-01,0
B00001,-15.75246,26.76351,2017-03-02,0.254
B00001,-15.75246,26.76351,2017-03-03,18.034
B00001,-15.75246,26.76351,2017-03-04,0
B00001,-15.75246,26.76351,2017-03-05,5.334
B00001,-15.75246,26.76351,2017-03-06,1.27
B00001,-15.75246,26.76351,2017-03-07,17.78
B00001,-15.75246,26.76351,2017-03-08,2.032
B00001,-15.75246,26.76351,2017-03-09,7.874
B00001,-15.75246,26.76351,2017-03-10,5.588
B00001,-15.75246,26.76351,2017-03-11,9.652
B00001,-15.75246,26.76351,2017-03-12,0.254
B00001,-15.75246,26.76351,2017-03-13,0
B00001,-15.75246,26.76351,2017-03-14,0
B00001,-15.75246,26.76351,2017-03-15,0
B00001,-15.75246,26.76351,2017-03-16,0
B00001,-15.75246,26.76351,2017-03-17,0
B00001,-15.75246,26.76351,2017-03-18,0
B00001,-15.75246,26.76351,2017-03-19,0
B00001,-15.75246,26.76351,2017-03-20,0
B00001,-15.75246,26.76351,2017-03-21,2.794
B00001,-15.75246,26.76351,2017-03-22,0.254
B00001,-15.75246,26.76351,2017-03-23,0
B00001,-15.75246,26.76351,2017-03-24,0
B00001,-15.75246,26.76351,2017-03-25,0
B00001,-15.75246,26.76351,2017-03-26,0
B00001,-15.75246,26.76351,2017-03-27,0
B00001,-15.75246,26.76351,2017-03-28,0
B00001,-15.75246,26.76351,2017-03-29,0
B00001,-15.75246,26.76351,2017-03-30,0
B00001,-15.75246,26.76351,2017-03-31,0
B00001,-15.75246,26.76351,2017-04-01,0
B00001,-15.75246,26.76351,2017-04-02,6.096
B00001,-15.75246,26.76351,2017-04-03,0
B00001,-15.75246,26.76351,2017-04-04,0
B00001,-15.75246,26.76351,2017-04-05,0
B00001,-15.75246,26.76351,2017-04-06,0
B00001,-15.75246,26.76351,2017-04-07,0
B00001,-15.75246,26.76351,2017-04-08,0
B00001,-15.75246,26.76351,2017-04-09,0
B00001,-15.75246,26.76351,2017-04-10,0
B00001,-15.75246,26.76351,2017-04-11,0
B00001,-15.75246,26.76351,2017-04-12,0
B00001,-15.75246,26.76351,2017-04-13,0
B00001,-15.75246,26.76351,2017-04-14,0
B00001,-15.75246,26.76351,2017-04-15,0
B00001,-15.75246,26.76351,2017-04-16,0
B00001,-15.75246,26.76351,2017-04-17,0
B00001,-15.75246,26.76351,2017-04-18,0
B00001,-15.75246,26.76351,2017-04-19,0
B00001,-15.75246,26.76351,2017-04-20,0
B00001,-15.75246,26.76351,2017-04-21,0
B00001,-15.75246,26.76351,2017-04-22,0
B00001,-15.75246,26.76351,2017-04-23,0
B00001,-15.75246,26.76351,2017-04-24,0
B00001,-15.75246,26.76351,2017-04-25,0
B00001,-15.75246,26.76351,2017-04-26,0
B00001,-15.75246,26.76351,2017-04-27,0
B00001,-15.75246,26.76351,2017-04-28,0
B00001,-15.75246,26.76351,2017-04-29,0
B00001,-15.75246,26.76351,2017-04-30,0
B00001,-15.75246,26.76351,2017-05-01,0
B00013,-16.24759,26.9109,2016-10-12,0
B00013,-16.24759,26.9109,2016-10-13,0.762
B00013,-16.24759,26.9109,2016-10-14,5.334
B00013,-16.24759,26.9109,2016-10-15,0
B00013,-16.24759,26.9109,2016-10-16,0
B00013,-16.24759,26.9109,2016-10-17,0
B00013,-16.24759,26.9109,2016-10-18,0
B00013,-16.24759,26.9109,2016-10-19,0
B00013,-16.24759,26.9109,2016-10-20,0
B00013,-16.24759,26.9109,2016-10-21,0
B00013,-16.24759,26.9109,2016-10-22,0
B00013,-16.24759,26.9109,2016-10-23,0
B00013,-16.24759,26.9109,2016-10-24,0
B00013,-16.24759,26.9109,2016-10-25,0
B00013,-16.24759,26.9109,2016-10-26,0
B00013,-16.24759,26.9109,2016-10-27,0
B00013,-16.24759,26.9109,2016-10-28,0
B00013,-16.24759,26.9109,2016-10-29,0
B00013,-16.24759,26.9109,2016-10-30,0
B00013,-16.24759,26.9109,2016-10-31,0
B00013,-16.24759,26.9109,2016-11-01,0
B00013,-16.24759,26.9109,2016-11-02,0
B00013,-16.24759,26.9109,2016-11-03,4.826
B00013,-16.24759,26.9109,2016-11-04,0
B00013,-16.24759,26.9109,2016-11-05,0
B00013,-16.24759,26.9109,2016-11-06,4.572
B00013,-16.24759,26.9109,2016-11-07,0
B00013,-16.24759,26.9109,2016-11-08,0
B00013,-16.24759,26.9109,2016-11-09,1.016
B00013,-16.24759,26.9109,2016-11-10,0
B00013,-16.24759,26.9109,2016-11-11,0.254
B00013,-16.24759,26.9109,2016-11-12,1.524
B00013,-16.24759,26.9109,2016-11-13,0
B00013,-16.24759,26.9109,2016-11-14,5.334
B00013,-16.24759,26.9109,2016-11-15,28.956
B00013,-16.24759,26.9109,2016-11-16,0
B00013,-16.24759,26.9109,2016-11-17,0
B00013,-16.24759,26.9109,2016-11-18,0
B00013,-16.24759,26.9109,2016-11-19,0.762
B00013,-16.24759,26.9109,2016-11-20,0
B00013,-16.24759,26.9109,2016-11-21,3.302
B00013,-16.24759,26.9109,2016-11-22,0
B00013,-16.24759,26.9109,2016-11-23,2.54
B00013,-16.24759,26.9109,2016-11-24,5.334
B00013,-16.24759,26.9109,2016-11-25,4.572
B00013,-16.24759,26.9109,2016-11-26,118.364
B00013,-16.24759,26.9109,2016-11-27,1.016
B00013,-16.24759,26.9109,2016-11-28,0
B00013,-16.24759,26.9109,2016-11-29,0
B00013,-16.24759,26.9109,2016-11-30,5.588
B00013,-16.24759,26.9109,2016-12-01,0
B00013,-16.24759,26.9109,2016-12-02,0
B00013,-16.24759,26.9109,2016-12-03,11.176
B00013,-16.24759,26.9109,2016-12-04,0.254
B00013,-16.24759,26.9109,2016-12-05,1.016
B00013,-16.24759,26.9109,2016-12-06,0
B00013,-16.24759,26.9109,2016-12-07,0
B00013,-16.24759,26.9109,2016-12-08,0
B00013,-16.24759,26.9109,2016-12-09,0.254
B00013,-16.24759,26.9109,2016-12-10,0
B00013,-16.24759,26.9109,2016-12-11,18.034
B00013,-16.24759,26.9109,2016-12-12,67.056
B00013,-16.24759,26.9109,2016-12-13,10.16
B00013,-16.24759,26.9109,2016-12-14,45.212
B00013,-16.24759,26.9109,2016-12-15,0
B00013,-16.24759,26.9109,2016-12-16,0
B00013,-16.24759,26.9109,2016-12-17,5.842
B00013,-16.24759,26.9109,2016-12-18,2.032
B00013,-16.24759,26.9109,2016-12-19,6.604
B00013,-16.24759,26.9109,2016-12-20,0
B00013,-16.24759,26.9109,2016-12-21,0
B00013,-16.24759,26.9109,2016-12-22,2.286
B00013,-16.24759,26.9109,2016-12-23,0
B00013,-16.24759,26.9109,2016-12-24,0
B00013,-16.24759,26.9109,2016-12-25,0
B00013,-16.24759,26.9109,2016-12-26,2.032
B00013,-16.24759,26.9109,2016-12-27,0
B00013,-16.24759,26.9109,2016-12-28,0
B00013,-16.24759,26.9109,2016-12-29,7.112
B00013,-16.24759,26.9109,2016-12-30,0.254
B00013,-16.24759,26.9109,2016-12-31,0.762
B00013,-16.24759,26.9109,2017-01-01,13.97
B00013,-16.24759,26.9109,2017-01-02,17.272
B00013,-16.24759,26.9109,2017-01-03,25.4
B00013,-16.24759,26.9109,2017-01-04,34.036
B00013,-16.24759,26.9109,2017-01-05,3.81
B00013,-16.24759,26.9109,2017-01-06,0.254
B00013,-16.24759,26.9109,2017-01-07,0
B00013,-16.24759,26.9109,2017-01-08,0
B00013,-16.24759,26.9109,2017-01-09,19.304
B00013,-16.24759,26.9109,2017-01-10,30.226
B00013,-16.24759,26.9109,2017-01-11,0.254
B00013,-16.24759,26.9109,2017-01-12,14.478
B00013,-16.24759,26.9109,2017-01-13,20.32
B00013,-16.24759,26.9109,2017-01-14,0.254
B00013,-16.24759,26.9109,2017-01-15,4.826
B00013,-16.24759,26.9109,2017-01-16,38.354
B00013,-16.24759,26.9109,2017-01-17,12.192
B00013,-16.24759,26.9109,2017-01-18,4.826
B00013,-16.24759,26.9109,2017-01-19,3.81
B00013,-16.24759,26.9109,2017-01-20,8.128
B00013,-16.24759,26.9109,2017-01-21,41.402
B00013,-16.24759,26.9109,2017-01-22,11.176
B00013,-16.24759,26.9109,2017-01-23,19.558
B00013,-16.24759,26.9109,2017-01-24,0
B00013,-16.24759,26.9109,2017-01-25,0.508
B00013,-16.24759,26.9109,2017-01-26,0.762
B00013,-16.24759,26.9109,2017-01-27,14.986
B00013,-16.24759,26.9109,2017-01-28,4.064
B00013,-16.24759,26.9109,2017-01-29,4.572
B00013,-16.24759,26.9109,2017-01-30,7.366
B00013,-16.24759,26.9109,2017-01-31,0
B00013,-16.24759,26.9109,2017-02-01,8.128
B00013,-16.24759,26.9109,2017-02-02,2.032
B00013,-16.24759,26.9109,2017-02-03,9.906
B00013,-16.24759,26.9109,2017-02-04,54.864
B00013,-16.24759,26.9109,2017-02-05,3.302
B00013,-16.24759,26.9109,2017-02-06,23.114
B00013,-16.24759,26.9109,2017-02-07,0
B00013,-16.24759,26.9109,2017-02-08,0
B00013,-16.24759,26.9109,2017-02-09,22.098
B00013,-16.24759,26.9109,2017-02-10,0.508
B00013,-16.24759,26.9109,2017-02-11,0
B00013,-16.24759,26.9109,2017-02-12,0
B00013,-16.24759,26.9109,2017-02-13,0
B00013,-16.24759,26.9109,2017-02-14,2.794
B00013,-16.24759,26.9109,2017-02-15,16.764
B00013,-16.24759,26.9109,2017-02-16,3.302
B00013,-16.24759,26.9109,2017-02-17,0.254
B00013,-16.24759,26.9109,2017-02-18,3.302
B00013,-16.24759,26.9109,2017-02-19,0
B00013,-16.24759,26.9109,2017-02-20,3.302
B00013,-16.24759,26.9109,2017-02-21,3.048
B00013,-16.24759,26.9109,2017-02-22,2.286
B00013,-16.24759,26.9109,2017-02-23,49.784
B00013,-16.24759,26.9109,2017-02-24,2.794
B00013,-16.24759,26.9109,2017-02-25,1.778
B00013,-16.24759,26.9109,2017-02-26,3.048
B00013,-16.24759,26.9109,2017-02-27,1.778
B00013,-16.24759,26.9109,2017-02-28,3.048
B00013,-16.24759,26.9109,2017-03-01,6.858
B00013,-16.24759,26.9109,2017-03-02,8.128
B00013,-16.24759,26.9109,2017-03-03,8.89
B00013,-16.24759,26.9109,2017-03-04,9.906
B00013,-16.24759,26.9109,2017-03-05,5.842
B00013,-16.24759,26.9109,2017-03-06,12.954
B00013,-16.24759,26.9109,2017-03-07,6.604
B00013,-16.24759,26.9109,2017-03-08,0.254
B00013,-16.24759,26.9109,2017-03-09,6.35
B00013,-16.24759,26.9109,2017-03-10,0.508
B00013,-16.24759,26.9109,2017-03-11,1.27
B00013,-16.24759,26.9109,2017-03-12,0
B00013,-16.24759,26.9109,2017-03-13,1.27
B00013,-16.24759,26.9109,2017-03-14,0.254
B00013,-16.24759,26.9109,2017-03-15,0
B00013,-16.24759,26.9109,2017-03-16,0
B00013,-16.24759,26.9109,2017-03-17,0.254
B00013,-16.24759,26.9109,2017-03-18,0
B00013,-16.24759,26.9109,2017-03-19,0.762
B00013,-16.24759,26.9109,2017-03-20,8.382
B00013,-16.24759,26.9109,2017-03-21,0
B00013,-16.24759,26.9109,2017-03-22,0
B00013,-16.24759,26.9109,2017-03-23,0
B00013,-16.24759,26.9109,2017-03-24,1.016
B00013,-16.24759,26.9109,2017-03-25,0.762
B00013,-16.24759,26.9109,2017-03-26,1.016
B00013,-16.24759,26.9109,2017-03-27,0
B00013,-16.24759,26.9109,2017-03-28,0
B00013,-16.24759,26.9109,2017-03-29,0
B00013,-16.24759,26.9109,2017-03-30,0
B00013,-16.24759,26.9109,2017-03-31,0
B00013,-16.24759,26.9109,2017-04-01,0
B00013,-16.24759,26.9109,2017-04-02,26.924
B00013,-16.24759,26.9109,2017-04-03,0
B00013,-16.24759,26.9109,2017-04-04,0
B00013,-16.24759,26.9109,2017-04-05,0
B00013,-16.24759,26.9109,2017-04-06,0
B00013,-16.24759,26.9109,2017-04-07,0
B00013,-16.24759,26.9109,2017-04-08,0
B00013,-16.24759,26.9109,2017-04-09,0
B00013,-16.24759,26.9109,2017-04-10,0
B00013,-16.24759,26.9109,2017-04-11,0
B00013,-16.24759,26.9109,2017-04-12,0
B00013,-16.24759,26.9109,2017-04-13,0
B00013,-16.24759,26.9109,2017-04-14,0
B00013,-16.24759,26.9109,2017-04-15,0
B00013,-16.24759,26.9109,2017-04-16,0
B00013,-16.24759,26.9109,2017-04-17,0
B00013,-16.24759,26.9109,2017-04-18,0
B00013,-16.24759,26.9109,2017-04-19,0
B00013,-16.24759,26.9109,2017-04-20,0
B00013,-16.24759,26.9109,2017-04-21,0
B00013,-16.24759,26.9109,2017-04-22,0
B00013,-16.24759,26.9109,2017-04-23,0
B00013,-16.24759,26.9109,2017-04-24,0
B00013,-16.24759,26.9109,2017-04-25,0
B00013,-16.24759,26.9109,2017-04-26,0
B00013,-16.24759,26.9109,2017-04-27,0
B00013,-16.24759,26.9109,2017-04-28,0
B00013,-16.24759,26.9109,2017-04-29,0
B00013,-16.24759,26.9109,2017-04-30,0
B00013,-16.24759,26.9109,2017-05-01,0
B00021,-16.25561,26.89594,2016-10-12,0
B00021,-16.25561,26.89594,2016-10-13,0
B00021,-16.25561,26.89594,2016-10-14,0
B00021,-16.25561,26.89594,2016-10-15,4.318
B00021,-16.25561,26.89594,2016-10-16,15.748
B00021,-16.25561,26.89594,2016-10-17,11.938
B00021,-16.25561,26.89594,2016-10-18,0
B00021,-16.25561,26.89594,2016-10-19,0
B00021,-16.25561,26.89594,2016-10-20,0
B00021,-16.25561,26.89594,2016-10-21,0
B00021,-16.25561,26.89594,2016-10-22,0
B00021,-16.25561,26.89594,2016-10-23,0
B00021,-16.25561,26.89594,2016-10-24,0
B00021,-16.25561,26.89594,2016-10-25,0
B00021,-16.25561,26.89594,2016-10-26,0
B00021,-16.25561,26.89594,2016-10-27,0
B00021,-16.25561,26.89594,2016-10-28,0
B00021,-16.25561,26.89594,2016-10-29,0
B00021,-16.25561,26.89594,2016-10-30,0
B00021,-16.25561,26.89594,2016-10-31,0
B00021,-16.25561,26.89594,2016-11-01,0
B00021,-16.25561,26.89594,2016-11-02,0
B00021,-16.25561,26.89594,2016-11-03,6.604
B00021,-16.25561,26.89594,2016-11-04,0
B00021,-16.25561,26.89594,2016-11-05,0
B00021,-16.25561,26.89594,2016-11-06,2.794
B00021,-16.25561,26.89594,2016-11-07,0
B00021,-16.25561,26.89594,2016-11-08,0
B00021,-16.25561,26.89594,2016-11-09,0.762
B00021,-16.25561,26.89594,2016-11-10,0
B00021,-16.25561,26.89594,2016-11-11,0
B00021,-16.25561,26.89594,2016-11-12,0.508
B00021,-16.25561,26.89594,2016-11-13,0
B00021,-16.25561,26.89594,2016-11-14,3.048
B00021,-16.25561,26.89594,2016-11-15,23.876
B00021,-16.25561,26.89594,2016-11-16,0
B00021,-16.25561,26.89594,2016-11-17,0
B00021,-16.25561,26.89594,2016-11-18,0
B00021,-16.25561,26.89594,2016-11-19,0.762
B00021,-16.25561,26.89594,2016-11-20,0
B00021,-16.25561,26.89594,2016-11-21,1.016
B00021,-16.25561,26.89594,2016-11-22,0
B00021,-16.25561,26.89594,2016-11-23,0.762
B00021,-16.25561,26.89594,2016-11-24,5.842
B00021,-16.25561,26.89594,2016-11-25,4.064
B00021,-16.25561,26.89594,2016-11-26,85.344
B00021,-16.25561,26.89594,2016-11-27,0
B00021,-16.25561,26.89594,2016-11-28,0
B00021,-16.25561,26.89594,2016-11-29,0
B00021,-16.25561,26.89594,2016-11-30,7.874
B00021,-16.25561,26.89594,2016-12-01,0
B00021,-16.25561,26.89594,2016-12-02,0
B00021,-16.25561,26.89594,2016-12-03,12.954
B00021,-16.25561,26.89594,2016-12-04,0.254
B00021,-16.25561,26.89594,2016-12-05,0
B00021,-16.25561,26.89594,2016-12-06,0
B00021,-16.25561,26.89594,2016-12-07,0
B00021,-16.25561,26.89594,2016-12-08,0
B00021,-16.25561,26.89594,2016-12-09,0.508
B00021,-16.25561,26.89594,2016-12-10,0
B00021,-16.25561,26.89594,2016-12-11,21.844
B00021,-16.25561,26.89594,2016-12-12,53.086
B00021,-16.25561,26.89594,2016-12-13,3.302
B00021,-16.25561,26.89594,2016-12-14,44.704
B00021,-16.25561,26.89594,2016-12-15,0
B00021,-16.25561,26.89594,2016-12-16,0
B00021,-16.25561,26.89594,2016-12-17,3.556
B00021,-16.25561,26.89594,2016-12-18,2.54
B00021,-16.25561,26.89594,2016-12-19,1.016
B00021,-16.25561,26.89594,2016-12-20,0
B00021,-16.25561,26.89594,2016-12-21,0
B00021,-16.25561,26.89594,2016-12-22,1.27
B00021,-16.25561,26.89594,2016-12-23,0
B00021,-16.25561,26.89594,2016-12-24,0.254
B00021,-16.25561,26.89594,2016-12-25,0
B00021,-16.25561,26.89594,2016-12-26,1.524
B00021,-16.25561,26.89594,2016-12-27,0
B00021,-16.25561,26.89594,2016-12-28,0
B00021,-16.25561,26.89594,2016-12-29,25.146
B00021,-16.25561,26.89594,2016-12-30,0
B00021,-16.25561,26.89594,2016-12-31,0.508
B00021,-16.25561,26.89594,2017-01-01,12.446
B00021,-16.25561,26.89594,2017-01-02,20.574
B00021,-16.25561,26.89594,2017-01-03,21.844
B00021,-16.25561,26.89594,2017-01-04,27.432
B00021,-16.25561,26.89594,2017-01-05,3.81
B00021,-16.25561,26.89594,2017-01-06,0.254
B00021,-16.25561,26.89594,2017-01-07,0
B00021,-16.25561,26.89594,2017-01-08,0
B00021,-16.25561,26.89594,2017-01-09,11.684
B00021,-16.25561,26.89594,2017-01-10,8.382
B00021,-16.25561,26.89594,2017-01-11,0.254
B00021,-16.25561,26.89594,2017-01-12,7.112
B00021,-16.25561,26.89594,2017-01-13,18.288
B00021,-16.25561,26.89594,2017-01-14,0
B00021,-16.25561,26.89594,2017-01-15,2.54
B00021,-16.25561,26.89594,2017-01-16,28.448
B00021,-16.25561,26.89594,2017-01-17,9.144
B00021,-16.25561,26.89594,2017-01-18,5.842
B00021,-16.25561,26.89594,2017-01-19,2.286
B00021,-16.25561,26.89594,2017-01-20,5.842
B00021,-16.25561,26.89594,2017-01-21,46.736
B00021,-16.25561,26.89594,2017-01-22,6.858
B00021,-16.25561,26.89594,2017-01-23,19.304
B00021,-16.25561,26.89594,2017-01-24,0
B00021,-16.25561,26.89594,2017-01-25,5.08
B00021,-16.25561,26.89594,2017-01-26,0.508
B00021,-16.25561,26.89594,2017-01-27,11.176
B00021,-16.25561,26.89594,2017-01-28,3.81
B00021,-16.25561,26.89594,2017-01-29,1.524
B00021,-16.25561,26.89594,2017-01-30,0.254
B00021,-16.25561,26.89594,2017-01-31,0
B00021,-16.25561,26.89594,2017-02-01,3.81
B00021,-16.25561,26.89594,2017-02-02,1.524
B00021,-16.25561,26.89594,2017-02-03,15.748
B00021,-16.25561,26.89594,2017-02-04,60.198
B00021,-16.25561,26.89594,2017-02-05,7.366
B00021,-16.25561,26.89594,2017-02-06,25.146
B00021,-16.25561,26.89594,2017-02-07,0
B00021,-16.25561,26.89594,2017-02-08,0
B00021,-16.25561,26.89594,2017-02-09,17.78
B00021,-16.25561,26.89594,2017-02-10,0.508
B00021,-16.25561,26.89594,2017-02-11,0
B00021,-16.25561,26.89594,2017-02-12,0
B00021,-16.25561,26.89594,2017-02-13,0
B00021,-16.25561,26.89594,2017-02-14,0.762
B00021,-16.25561,26.89594,2017-02-15,7.112
B00021,-16.25561,26.89594,2017-02-16,4.572
B00021,-16.25561,26.89594,2017-02-17,0
B00021,-16.25561,26.89594,2017-02-18,6.604
B00021,-16.25561,26.89594,2017-02-19,0
B00021,-16.25561,26.89594,2017-02-20,2.794
B00021,-16.25561,26.89594,2017-02-21,3.81
B00021,-16.25561,26.89594,2017-02-22,2.032
B00021,-16.25561,26.89594,2017-02-23,51.054
B00021,-16.25561,26.89594,2017-02-24,2.794
B00021,-16.25561,26.89594,2017-02-25,1.524
B00021,-16.25561,26.89594,2017-02-26,13.716
B00021,-16.25561,26.89594,2017-02-27,0.508
B00021,-16.25561,26.89594,2017-02-28,15.494
B00021,-16.25561,26.89594,2017-03-01,13.462
B00021,-16.25561,26.89594,2017-03-02,0.762
B00021,-16.25561,26.89594,2017-03-03,0
B00021,-16.25561,26.89594,2017-03-04,35.56
B00021,-16.25561,26.89594,2017-03-05,8.636
B00021,-16.25561,26.89594,2017-03-06,9.906
B00021,-16.25561,26.89594,2017-03-07,4.318
B00021,-16.25561,26.89594,2017-03-08,0
B00021,-16.25561,26.89594,2017-03-09,4.826
B00021,-16.25561,26.89594,2017-03-10,0
B00021,-16.25561,26.89594,2017-03-11,2.032
B00021,-16.25561,26.89594,2017-03-12,0
B00021,-16.25561,26.89594,2017-03-13,3.556
B00021,-16.25561,26.89594,2017-03-14,0
B00021,-16.25561,26.89594,2017-03-15,0
B00021,-16.25561,26.89594,2017-03-16,0
B00021,-16.25561,26.89594,2017-03-17,0
B00021,-16.25561,26.89594,2017-03-18,0
B00021,-16.25561,26.89594,2017-03-19,0
B00021,-16.25561,26.89594,2017-03-20,7.112
B00021,-16.25561,26.89594,2017-03-21,0
B00021,-16.25561,26.89594,2017-03-22,0
B00021,-16.25561,26.89594,2017-03-23,0
B00021,-16.25561,26.89594,2017-03-24,0.508
B00021,-16.25561,26.89594,2017-03-25,2.286
B00021,-16.25561,26.89594,2017-03-26,0.254
B00021,-16.25561,26.89594,2017-03-27,0
B00021,-16.25561,26.89594,2017-03-28,0
B00021,-16.25561,26.89594,2017-03-29,0
B00021,-16.25561,26.89594,2017-03-30,0
B00021,-16.25561,26.89594,2017-03-31,0
B00021,-16.25561,26.89594,2017-04-01,0
B00021,-16.25561,26.89594,2017-04-02,8.89
B00021,-16.25561,26.89594,2017-04-03,0
B00021,-16.25561,26.89594,2017-04-04,0
B00021,-16.25561,26.89594,2017-04-05,0
B00021,-16.25561,26.89594,2017-04-06,0
B00021,-16.25561,26.89594,2017-04-07,0
B00021,-16.25561,26.89594,2017-04-08,0
B00021,-16.25561,26.89594,2017-04-09,0
B00021,-16.25561,26.89594,2017-04-10,0
B00021,-16.25561,26.89594,2017-04-11,0
B00021,-16.25561,26.89594,2017-04-12,0
B00021,-16.25561,26.89594,2017-04-13,0
B00021,-16.25561,26.89594,2017-04-14,0
B00021,-16.25561,26.89594,2017-04-15,0
B00021,-16.25561,26.89594,2017-04-16,0
B00021,-16.25561,26.89594,2017-04-17,0
B00021,-16.25561,26.89594,2017-04-18,0
B00021,-16.25561,26.89594,2017-04-19,0
B00021,-16.25561,26.89594,2017-04-20,0
B00021,-16.25561,26.89594,2017-04-21,0
B00021,-16.25561,26.89594,2017-04-22,0
B00021,-16.25561,26.89594,2017-04-23,0
B00021,-16.25561,26.89594,2017-04-24,0
B00021,-16.25561,26.89594,2017-04-25,0
B00021,-16.25561,26.89594,2017-04-26,0
B00021,-16.25561,26.89594,2017-04-27,0
B00021,-16.25561,26.89594,2017-04-28,0
B00021,-16.25561,26.89594,2017-04-29,0
B00021,-16.25561,26.89594,2017-04-30,0
B00021,-16.25561,26.89594,2017-05-01,0
B00024,-16.75763,26.97496,2016-10-12,4.064
B00024,-16.75763,26.97496,2016-10-13,0
B00024,-16.75763,26.97496,2016-10-14,0
B00024,-16.75763,26.97496,2016-10-15,0
B00024,-16.75763,26.97496,2016-10-16,0
B00024,-16.75763,26.97496,2016-10-17,0
B00024,-16.75763,26.97496,2016-10-18,0
B00024,-16.75763,26.97496,2016-10-19,0
B00024,-16.75763,26.97496,2016-10-20,0
B00024,-16.75763,26.97496,2016-10-21,0
B00024,-16.75763,26.97496,2016-10-22,0
B00024,-16.75763,26.97496,2016-10-23,0.254
B00024,-16.75763,26.97496,2016-10-24,0
B00024,-16.75763,26.97496,2016-10-25,0
B00024,-16.75763,26.97496,2016-10-26,0
B00024,-16.75763,26.97496,2016-10-27,0
B00024,-16.75763,26.97496,2016-10-28,0
B00024,-16.75763,26.97496,2016-10-29,0
B00024,-16.75763,26.97496,2016-10-30,0
B00024,-16.75763,26.97496,2016-10-31,0
B00024,-16.75763,26.97496,2016-11-01,0
B00024,-16.75763,26.97496,2016-11-02,0
B00024,-16.75763,26.97496,2016-11-03,0
B00024,-16.75763,26.97496,2016-11-04,0
B00024,-16.75763,26.97496,2016-11-05,0
B00024,-16.75763,26.97496,2016-11-06,0
B00024,-16.75763,26.97496,2016-11-07,0
B00024,-16.75763,26.97496,2016-11-08,0
B00024,-16.75763,26.97496,2016-11-09,0
B00024,-16.75763,26.97496,2016-11-10,0
B00024,-16.75763,26.97496,2016-11-11,0
B00024,-16.75763,26.97496,2016-11-12,25.146
B00024,-16.75763,26.97496,2016-11-13,0
B00024,-16.75763,26.97496,2016-11-14,0
B00024,-16.75763,26.97496,2016-11-15,0
B00024,-16.75763,26.97496,2016-11-16,0
B00024,-16.75763,26.97496,2016-11-17,0
B00024,-16.75763,26.97496,2016-11-18,1.524
B00024,-16.75763,26.97496,2016-11-19,6.604
B00024,-16.75763,26.97496,2016-11-20,0
B00024,-16.75763,26.97496,2016-11-21,0
B00024,-16.75763,26.97496,2016-11-22,0
B00024,-16.75763,26.97496,2016-11-23,8.128
B00024,-16.75763,26.97496,2016-11-24,16.002
B00024,-16.75763,26.97496,2016-11-25,18.542
B00024,-16.75763,26.97496,2016-11-26,35.814
B00024,-16.75763,26.97496,2016-11-27,0
B00024,-16.75763,26.97496,2016-11-28,11.176
B00024,-16.75763,26.97496,2016-11-29,0.254
B00024,-16.75763,26.97496,2016-11-30,0
B00024,-16.75763,26.97496,2016-12-01,0
B00024,-16.75763,26.97496,2016-12-02,0
B00024,-16.75763,26.97496,2016-12-03,0
B00024,-16.75763,26.97496,2016-12-04,6.604
B00024,-16.75763,26.97496,2016-12-05,0
B00024,-16.75763,26.97496,2016-12-06,0
B00024,-16.75763,26.97496,2016-12-07,0
B00024,-16.75763,26.97496,2016-12-08,0.254
B00024,-16.75763,26.97496,2016-12-09,3.81
B00024,-16.75763,26.97496,2016-12-10,0.254
B00024,-16.75763,26.97496,2016-12-11,51.562
B00024,-16.75763,26.97496,2016-12-12,44.45
B00024,-16.75763,26.97496,2016-12-13,0.254
B00024,-16.75763,26.97496,2016-12-14,24.892
B00024,-16.75763,26.97496,2016-12-15,0
B00024,-16.75763,26.97496,2016-12-16,0
B00024,-16.75763,26.97496,2016-12-17,2.032
B00024,-16.75763,26.97496,2016-12-18,42.418
B00024,-16.75763,26.97496,2016-12-19,0.762
B00024,-16.75763,26.97496,2016-12-20,0.508
B00024,-16.75763,26.97496,2016-12-21,0
B00024,-16.75763,26.97496,2016-12-22,0
B00024,-16.75763,26.97496,2016-12-23,1.016
B00024,-16.75763,26.97496,2016-12-24,0
B00024,-16.75763,26.97496,2016-12-25,28.194
B00024,-16.75763,26.97496,2016-12-26,1.524
B00024,-16.75763,26.97496,2016-12-27,2.794
B00024,-16.75763,26.97496,2016-12-28,0
B00024,-16.75763,26.97496,2016-12-29,8.382
B00024,-16.75763,26.97496,2016-12-30,45.212
B00024,-16.75763,26.97496,2016-12-31,3.048
B00024,-16.75763,26.97496,2017-01-01,6.858
B00024,-16.75763,26.97496,2017-01-02,7.366
B00024,-16.75763,26.97496,2017-01-03,21.59
B00024,-16.75763,26.97496,2017-01-04,23.622
B00024,-16.75763,26.97496,2017-01-05,14.732
B00024,-16.75763,26.97496,2017-01-06,0
B00024,-16.75763,26.97496,2017-01-07,3.81
B00024,-16.75763,26.97496,2017-01-08,0
B00024,-16.75763,26.97496,2017-01-09,1.778
B00024,-16.75763,26.97496,2017-01-10,0
B00024,-16.75763,26.97496,2017-01-11,3.556
B00024,-16.75763,26.97496,2017-01-12,6.604
B00024,-16.75763,26.97496,2017-01-13,6.35
B00024,-16.75763,26.97496,2017-01-14,4.826
B00024,-16.75763,26.97496,2017-01-15,0.254
B00024,-16.75763,26.97496,2017-01-16,0.508
B00024,-16.75763,26.97496,2017-01-17,16.256
B00024,-16.75763,26.97496,2017-01-18,1.778
B00024,-16.75763,26.97496,2017-01-19,13.97
B00024,-16.75763,26.97496,2017-01-20,11.938
B00024,-16.75763,26.97496,2017-01-21,64.516
B00024,-16.75763,26.97496,2017-01-22,11.43
B00024,-16.75763,26.97496,2017-01-23,12.446
B00024,-16.75763,26.97496,2017-01-24,33.528
B00024,-16.75763,26.97496,2017-01-25,5.588
B00024,-16.75763,26.97496,2017-01-26,0.254
B00024,-16.75763,26.97496,2017-01-27,4.064
B00024,-16.75763,26.97496,2017-01-28,5.842
B00024,-16.75763,26.97496,2017-01-29,4.572
B00024,-16.75763,26.97496,2017-01-30,0
B00024,-16.75763,26.97496,2017-01-31,0
B00024,-16.75763,26.97496,2017-02-01,3.302
B00024,-16.75763,26.97496,2017-02-02,4.064
B00024,-16.75763,26.97496,2017-02-03,0.254
B00024,-16.75763,26.97496,2017-02-04,0
B00024,-16.75763,26.97496,2017-02-05,0.254
B00024,-16.75763,26.97496,2017-02-06,35.052
B00024,-16.75763,26.97496,2017-02-07,2.54
B00024,-16.75763,26.97496,2017-02-08,0.508
B00024,-16.75763,26.97496,2017-02-09,0
B00024,-16.75763,26.97496,2017-02-10,7.112
B00024,-16.75763,26.97496,2017-02-11,5.842
B00024,-16.75763,26.97496,2017-02-12,0.254
B00024,-16.75763,26.97496,2017-02-13,0
B00024,-16.75763,26.97496,2017-02-14,21.336
B00024,-16.75763,26.97496,2017-02-15,5.842
B00024,-16.75763,26.97496,2017-02-16,2.794
B00024,-16.75763,26.97496,2017-02-17,5.08
B00024,-16.75763,26.97496,2017-02-18,5.588
B00024,-16.75763,26.97496,2017-02-19,0
B00024,-16.75763,26.97496,2017-02-20,2.54
B00024,-16.75763,26.97496,2017-02-21,15.494
B00024,-16.75763,26.97496,2017-02-22,28.448
B00024,-16.75763,26.97496,2017-02-23,23.368
B00024,-16.75763,26.97496,2017-02-24,0
B00024,-16.75763,26.97496,2017-02-25,4.572
B00024,-16.75763,26.97496,2017-02-26,8.636
B00024,-16.75763,26.97496,2017-02-27,14.986
B00024,-16.75763,26.97496,2017-02-28,5.588
B00024,-16.75763,26.97496,2017-03-01,2.794
B00024,-16.75763,26.97496,2017-03-02,21.844
B00024,-16.75763,26.97496,2017-03-03,21.844
B00024,-16.75763,26.97496,2017-03-04,13.208
B00024,-16.75763,26.97496,2017-03-05,2.032
B00024,-16.75763,26.97496,2017-03-06,7.112
B00024,-16.75763,26.97496,2017-03-07,0.254
B00024,-16.75763,26.97496,2017-03-08,2.032
B00024,-16.75763,26.97496,2017-03-09,19.05
B00024,-16.75763,26.97496,2017-03-10,2.286
B00024,-16.75763,26.97496,2017-03-11,0.254
B00024,-16.75763,26.97496,2017-03-12,0.508
B00024,-16.75763,26.97496,2017-03-13,0
B00024,-16.75763,26.97496,2017-03-14,0
B00024,-16.75763,26.97496,2017-03-15,0
B00024,-16.75763,26.97496,2017-03-16,0
B00024,-16.75763,26.97496,2017-03-17,0
B00024,-16.75763,26.97496,2017-03-18,0
B00024,-16.75763,26.97496,2017-03-19,0
B00024,-16.75763,26.97496,2017-03-20,6.096
B00024,-16.75763,26.97496,2017-03-21,0
B00024,-16.75763,26.97496,2017-03-22,0
B00024,-16.75763,26.97496,2017-03-23,4.826
B00024,-16.75763,26.97496,2017-03-24,0
B00024,-16.75763,26.97496,2017-03-25,0.254
B00024,-16.75763,26.97496,2017-03-26,0.254
B00024,-16.75763,26.97496,2017-03-27,0
B00024,-16.75763,26.97496,2017-03-28,0
B00024,-16.75763,26.97496,2017-03-29,0.254
B00024,-16.75763,26.97496,2017-03-30,0.254
B00024,-16.75763,26.97496,2017-03-31,0
B00024,-16.75763,26.97496,2017-04-01,0
B00024,-16.75763,26.97496,2017-04-02,0
B00024,-16.75763,26.97496,2017-04-03,1.016
B00024,-16.75763,26.97496,2017-04-04,0
B00024,-16.75763,26.97496,2017-04-05,0
B00024,-16.75763,26.97496,2017-04-06,0
B00024,-16.75763,26.97496,2017-04-07,0
B00024,-16.75763,26.97496,2017-04-08,0
B00024,-16.75763,26.97496,2017-04-09,0
B00024,-16.75763,26.97496,2017-04-10,0
B00024,-16.75763,26.97496,2017-04-11,0
B00024,-16.75763,26.97496,2017-04-12,0
B00024,-16.75763,26.97496,2017-04-13,0
B00024,-16.75763,26.97496,2017-04-14,0
B00024,-16.75763,26.97496,2017-04-15,0
B00024,-16.75763,26.97496,2017-04-16,0
B00024,-16.75763,26.97496,2017-04-17,0
B00024,-16.75763,26.97496,2017-04-18,0
B00024,-16.75763,26.97496,2017-04-19,0
B00024,-16.75763,26.97496,2017-04-20,0
B00024,-16.75763,26.97496,2017-04-21,0
B00024,-16.75763,26.97496,2017-04-22,0
B00024,-16.75763,26.97496,2017-04-23,0
B00024,-16.75763,26.97496,2017-04-24,0
B00024,-16.75763,26.97496,2017-04-25,0
B00024,-16.75763,26.97496,2017-04-26,0
B00024,-16.75763,26.97496,2017-04-27,0
B00024,-16.75763,26.97496,2017-04-28,0
B00024,-16.75763,26.97496,2017-04-29,0
B00024,-16.75763,26.97496,2017-04-30,0
B00024,-16.75763,26.97496,2017-05-01,0
B00027,-16.54855,26.95225,2016-10-12,0.254
B00027,-16.54855,26.95225,2016-10-13,4.826
B00027,-16.54855,26.95225,2016-10-14,0
B00027,-16.54855,26.95225,2016-10-15,0
B00027,-16.54855,26.95225,2016-10-16,0
B00027,-16.54855,26.95225,2016-10-17,1.778
B00027,-16.54855,26.95225,2016-10-18,2.794
B00027,-16.54855,26.95225,2016-10-19,0
B00027,-16.54855,26.95225,2016-10-20,0
B00027,-16.54855,26.95225,2016-10-21,0
B00027,-16.54855,26.95225,2016-10-22,0
B00027,-16.54855,26.95225,2016-10-23,0
B00027,-16.54855,26.95225,2016-10-24,0
B00027,-16.54855,26.95225,2016-10-25,0
B00027,-16.54855,26.95225,2016-10-26,4.064
B00027,-16.54855,26.95225,2016-10-27,0
B00027,-16.54855,26.95225,2016-10-28,0
B00027,-16.54855,26.95225,2016-10-29,0
B00027,-16.54855,26.95225,2016-10-30,0
B00027,-16.54855,26.95225,2016-10-31,0
B00027,-16.54855,26.95225,2016-11-01,0
B00027,-16.54855,26.95225,2016-11-02,0
B00027,-16.54855,26.95225,2016-11-03,0.254
B00027,-16.54855,26.95225,2016-11-04,0
B00027,-16.54855,26.95225,2016-11-05,0
B00027,-16.54855,26.95225,2016-11-06,0
B00027,-16.54855,26.95225,2016-11-07,0
B00027,-16.54855,26.95225,2016-11-08,0
B00027,-16.54855,26.95225,2016-11-09,0
B00027,-16.54855,26.95225,2016-11-10,0
B00027,-16.54855,26.95225,2016-11-11,0
B00027,-16.54855,26.95225,2016-11-12,1.778
B00027,-16.54855,26.95225,2016-11-13,0
B00027,-16.54855,26.95225,2016-11-14,0.762
B00027,-16.54855,26.95225,2016-11-15,0
B00027,-16.54855,26.95225,2016-11-16,0
B00027,-16.54855,26.95225,2016-11-17,0
B00027,-16.54855,26.95225,2016-11-18,0.508
B00027,-16.54855,26.95225,2016-11-19,2.794
B00027,-16.54855,26.95225,2016-11-20,0
B00027,-16.54855,26.95225,2016-11-21,2.794
B00027,-16.54855,26.95225,2016-11-22,0
B00027,-16.54855,26.95225,2016-11-23,7.112
B00027,-16.54855,26.95225,2016-11-24,0
B00027,-16.54855,26.95225,2016-11-25,7.112
B00027,-16.54855,26.95225,2016-11-26,72.39
B00027,-16.54855,26.95225,2016-11-27,0
B00027,-16.54855,26.95225,2016-11-28,0.254
B00027,-16.54855,26.95225,2016-11-29,0
B00027,-16.54855,26.95225,2016-11-30,0
B00027,-16.54855,26.95225,2016-12-01,0
B00027,-16.54855,26.95225,2016-12-02,0
B00027,-16.54855,26.95225,2016-12-03,0
B00027,-16.54855,26.95225,2016-12-04,9.144
B00027,-16.54855,26.95225,2016-12-05,0
B00027,-16.54855,26.95225,2016-12-06,0
B00027,-16.54855,26.95225,2016-12-07,0
B00027,-16.54855,26.95225,2016-12-08,0
B00027,-16.54855,26.95225,2016-12-09,2.032
B00027,-16.54855,26.95225,2016-12-10,0
B00027,-16.54855,26.95225,2016-12-11,80.01
B00027,-16.54855,26.95225,2016-12-12,66.294
B00027,-16.54855,26.95225,2016-12-13,0.254
B00027,-16.54855,26.95225,2016-12-14,14.478
B00027,-16.54855,26.95225,2016-12-15,0
B00027,-16.54855,26.95225,2016-12-16,0.254
B00027,-16.54855,26.95225,2016-12-17,56.134
B00027,-16.54855,26.95225,2016-12-18,69.088
B00027,-16.54855,26.95225,2016-12-19,5.842
B00027,-16.54855,26.95225,2016-12-20,20.066
B00027,-16.54855,26.95225,2016-12-21,0
B00027,-16.54855,26.95225,2016-12-22,0
B00027,-16.54855,26.95225,2016-12-23,0.254
B00027,-16.54855,26.95225,2016-12-24,10.414
B00027,-16.54855,26.95225,2016-12-25,14.732
B00027,-16.54855,26.95225,2016-12-26,2.54
B00027,-16.54855,26.95225,2016-12-27,0.508
B00027,-16.54855,26.95225,2016-12-28,0
B00027,-16.54855,26.95225,2016-12-29,0
B00027,-16.54855,26.95225,2016-12-30,2.032
B00027,-16.54855,26.95225,2016-12-31,1.778
B00027,-16.54855,26.95225,2017-01-01,41.402
B00027,-16.54855,26.95225,2017-01-02,9.906
B00027,-16.54855,26.95225,2017-01-03,7.874
B00027,-16.54855,26.95225,2017-01-04,1.524
B00027,-16.54855,26.95225,2017-01-05,4.572
B00027,-16.54855,26.95225,2017-01-06,1.016
B00027,-16.54855,26.95225,2017-01-07,0
B00027,-16.54855,26.95225,2017-01-08,0
B00027,-16.54855,26.95225,2017-01-09,2.54
B00027,-16.54855,26.95225,2017-01-10,0.254
B00027,-16.54855,26.95225,2017-01-11,1.27
B00027,-16.54855,26.95225,2017-01-12,11.176
B00027,-16.54855,26.95225,2017-01-13,15.24
B00027,-16.54855,26.95225,2017-01-14,0.762
B00027,-16.54855,26.95225,2017-01-15,0.762
B00027,-16.54855,26.95225,2017-01-16,33.782
B00027,-16.54855,26.95225,2017-01-17,23.114
B00027,-16.54855,26.95225,2017-01-18,7.112
B00027,-16.54855,26.95225,2017-01-19,4.064
B00027,-16.54855,26.95225,2017-01-20,8.636
B00027,-16.54855,26.95225,2017-01-21,77.724
B00027,-16.54855,26.95225,2017-01-22,22.606
B00027,-16.54855,26.95225,2017-01-23,5.08
B00027,-16.54855,26.95225,2017-01-24,9.652
B00027,-16.54855,26.95225,2017-01-25,0.254
B00027,-16.54855,26.95225,2017-01-26,0.508
B00027,-16.54855,26.95225,2017-01-27,7.112
B00027,-16.54855,26.95225,2017-01-28,2.794
B00027,-16.54855,26.95225,2017-01-29,47.752
B00027,-16.54855,26.95225,2017-01-30,0
B00027,-16.54855,26.95225,2017-01-31,12.954
B00027,-16.54855,26.95225,2017-02-01,2.54
B00027,-16.54855,26.95225,2017-02-02,0.254
B00027,-16.54855,26.95225,2017-02-03,0
B00027,-16.54855,26.95225,2017-02-04,5.08
B00027,-16.54855,26.95225,2017-02-05,0.254
B00027,-16.54855,26.95225,2017-02-06,75.946
B00027,-16.54855,26.95225,2017-02-07,2.286
B00027,-16.54855,26.95225,2017-02-08,0.254
B00027,-16.54855,26.95225,2017-02-09,0
B00027,-16.54855,26.95225,2017-02-10,20.32
B00027,-16.54855,26.95225,2017-02-11,0.508
B00027,-16.54855,26.95225,2017-02-12,0.254
B00027,-16.54855,26.95225,2017-02-13,0.762
B00027,-16.54855,26.95225,2017-02-14,0
B00027,-16.54855,26.95225,2017-02-15,0.762
B00027,-16.54855,26.95225,2017-02-16,23.876
B00027,-16.54855,26.95225,2017-02-17,0
B00027,-16.54855,26.95225,2017-02-18,10.922
B00027,-16.54855,26.95225,2017-02-19,0.254
B00027,-16.54855,26.95225,2017-02-20,5.588
B00027,-16.54855,26.95225,2017-02-21,33.274
B00027,-16.54855,26.95225,2017-02-22,0.254
B00027,-16.54855,26.95225,2017-02-23,1.016
B00027,-16.54855,26.95225,2017-02-24,0.254
B00027,-16.54855,26.95225,2017-02-25,0.254
B00027,-16.54855,26.95225,2017-02-26,10.668
B00027,-16.54855,26.95225,2017-02-27,4.572
B00027,-16.54855,26.95225,2017-02-28,4.064
B00027,-16.54855,26.95225,2017-03-01,6.35
B00027,-16.54855,26.95225,2017-03-02,16.256
B00027,-16.54855,26.95225,2017-03-03,2.286
B00027,-16.54855,26.95225,2017-03-04,2.032
B00027,-16.54855,26.95225,2017-03-05,0
B00027,-16.54855,26.95225,2017-03-06,43.942
B00027,-16.54855,26.95225,2017-03-07,6.096
B00027,-16.54855,26.95225,2017-03-08,0.254
B00027,-16.54855,26.95225,2017-03-09,31.496
B00027,-16.54855,26.95225,2017-03-10,1.27
B00027,-16.54855,26.95225,2017-03-11,1.016
B00027,-16.54855,26.95225,2017-03-12,0
B00027,-16.54855,26.95225,2017-03-13,0
B00027,-16.54855,26.95225,2017-03-14,0
B00027,-16.54855,26.95225,2017-03-15,0
B00027,-16.54855,26.95225,2017-03-16,0
B00027,-16.54855,26.95225,2017-03-17,0
B00027,-16.54855,26.95225,2017-03-18,0
B00027,-16.54855,26.95225,2017-03-19,0
B00027,-16.54855,26.95225,2017-03-20,5.334
B00027,-16.54855,26.95225,2017-03-21,0
B00027,-16.54855,26.95225,2017-03-22,4.064
B00027,-16.54855,26.95225,2017-03-23,2.032
B00027,-16.54855,26.95225,2017-03-24,16.256
B00027,-16.54855,26.95225,2017-03-25,0
B00027,-16.54855,26.95225,2017-03-26,0
B00027,-16.54855,26.95225,2017-03-27,0
B00027,-16.54855,26.95225,2017-03-28,0
B00027,-16.54855,26.95225,2017-03-29,0
B00027,-16.54855,26.95225,2017-03-30,0
B00027,-16.54855,26.95225,2017-03-31,0
B00027,-16.54855,26.95225,2017-04-01,0
B00027,-16.54855,26.95225,2017-04-02,0
B00027,-16.54855,26.95225,2017-04-03,6.35
B00027,-16.54855,26.95225,2017-04-04,0
B00027,-16.54855,26.95225,2017-04-05,0
B00027,-16.54855,26.95225,2017-04-06,0
B00027,-16.54855,26.95225,2017-04-07,0
B00027,-16.54855,26.95225,2017-04-08,0
B00027,-16.54855,26.95225,2017-04-09,0
B00027,-16.54855,26.95225,2017-04-10,0
B00027,-16.54855,26.95225,2017-04-11,0
B00027,-16.54855,26.95225,2017-04-12,0
B00027,-16.54855,26.95225,2017-04-13,0
B00027,-16.54855,26.95225,2017-04-14,0
B00027,-16.54855,26.95225,2017-04-15,0
B00027,-16.54855,26.95225,2017-04-16,0
B00027,-16.54855,26.95225,2017-04-17,0
B00027,-16.54855,26.95225,2017-04-18,0
B00027,-16.54855,26.95225,2017-04-19,0
B00027,-16.54855,26.95225,2017-04-20,0
B00027,-16.54855,26.95225,2017-04-21,0
B00027,-16.54855,26.95225,2017-04-22,0
B00027,-16.54855,26.95225,2017-04-23,0
B00027,-16.54855,26.95225,2017-04-24,0
B00027,-16.54855,26.95225,2017-04-25,0
B00027,-16.54855,26.95225,2017-04-26,0
B00027,-16.54855,26.95225,2017-04-27,0
B00027,-16.54855,26.95225,2017-04-28,0
B00027,-16.54855,26.95225,2017-04-29,0
B00027,-16.54855,26.95225,2017-04-30,0
B00027,-16.54855,26.95225,2017-05-01,0
B00030,-16.84847,26.90252,2016-10-12,0
B00030,-16.84847,26.90252,2016-10-13,0
B00030,-16.84847,26.90252,2016-10-14,0
B00030,-16.84847,26.90252,2016-10-15,6.604
B00030,-16.84847,26.90252,2016-10-16,12.192
B00030,-16.84847,26.90252,2016-10-17,9.652
B00030,-16.84847,26.90252,2016-10-18,0
B00030,-16.84847,26.90252,2016-10-19,0
B00030,-16.84847,26.90252,2016-10-20,0
B00030,-16.84847,26.90252,2016-10-21,0
B00030,-16.84847,26.90252,2016-10-22,0
B00030,-16.84847,26.90252,2016-10-23,0
B00030,-16.84847,26.90252,2016-10-24,0
B00030,-16.84847,26.90252,2016-10-25,0
B00030,-16.84847,26.90252,2016-10-26,0
B00030,-16.84847,26.90252,2016-10-27,0
B00030,-16.84847,26.90252,2016-10-28,0
B00030,-16.84847,26.90252,2016-10-29,0
B00030,-16.84847,26.90252,2016-10-30,0
B00030,-16.84847,26.90252,2016-10-31,0
B00030,-16.84847,26.90252,2016-11-01,0
B00030,-16.84847,26.90252,2016-11-02,0
B00030,-16.84847,26.90252,2016-11-03,0
B00030,-16.84847,26.90252,2016-11-04,0
B00030,-16.84847,26.90252,2016-11-05,0
B00030,-16.84847,26.90252,2016-11-06,0
B00030,-16.84847,26.90252,2016-11-07,0
B00030,-16.84847,26.90252,2016-11-08,0
B00030,-16.84847,26.90252,2016-11-09,0
B00030,-16.84847,26.90252,2016-11-10,0
B00030,-16.84847,26.90252,2016-11-11,0
B00030,-16.84847,26.90252,2016-11-12,10.922
B00030,-16.84847,26.90252,2016-11-13,0
B00030,-16.84847,26.90252,2016-11-14,0
B00030,-16.84847,26.90252,2016-11-15,0
B00030,-16.84847,26.90252,2016-11-16,0
B00030,-16.84847,26.90252,2016-11-17,0
B00030,-16.84847,26.90252,2016-11-18,0
B00030,-16.84847,26.90252,2016-11-19,0
B00030,-16.84847,26.90252,2016-11-20,0
B00030,-16.84847,26.90252,2016-11-21,11.43
B00030,-16.84847,26.90252,2016-11-22,0
B00030,-16.84847,26.90252,2016-11-23,19.812
B00030,-16.84847,26.90252,2016-11-24,7.874
B00030,-16.84847,26.90252,2016-11-25,14.986
B00030,-16.84847,26.90252,2016-11-26,16.764
B00030,-16.84847,26.90252,2016-11-27,0.508
B00030,-16.84847,26.90252,2016-11-28,12.446
B00030,-16.84847,26.90252,2016-11-29,0
B00030,-16.84847,26.90252,2016-11-30,0
B00030,-16.84847,26.90252,2016-12-01,0
B00030,-16.84847,26.90252,2016-12-02,0
B00030,-16.84847,26.90252,2016-12-03,0
B00030,-16.84847,26.90252,2016-12-04,3.81
B00030,-16.84847,26.90252,2016-12-05,0
B00030,-16.84847,26.90252,2016-12-06,0
B00030,-16.84847,26.90252,2016-12-07,0
B00030,-16.84847,26.90252,2016-12-08,0
B00030,-16.84847,26.90252,2016-12-09,0
B00030,-16.84847,26.90252,2016-12-10,0
B00030,-16.84847,26.90252,2016-12-11,50.038
B00030,-16.84847,26.90252,2016-12-12,45.212
B00030,-16.84847,26.90252,2016-12-13,0
B00030,-16.84847,26.90252,2016-12-14,6.858
B00030,-16.84847,26.90252,2016-12-15,0
B00030,-16.84847,26.90252,2016-12-16,0
B00030,-16.84847,26.90252,2016-12-17,30.734
B00030,-16.84847,26.90252,2016-12-18,0.254
B00030,-16.84847,26.90252,2016-12-19,3.302
B00030,-16.84847,26.90252,2016-12-20,0.254
B00030,-16.84847,26.90252,2016-12-21,5.842
B00030,-16.84847,26.90252,2016-12-22,0
B00030,-16.84847,26.90252,2016-12-23,12.192
B00030,-16.84847,26.90252,2016-12-24,0
B00030,-16.84847,26.90252,2016-12-25,19.558
B00030,-16.84847,26.90252,2016-12-26,1.016
B00030,-16.84847,26.90252,2016-12-27,0
B00030,-16.84847,26.90252,2016-12-28,0
B00030,-16.84847,26.90252,2016-12-29,0.254
B00030,-16.84847,26.90252,2016-12-30,22.352
B00030,-16.84847,26.90252,2016-12-31,3.556
B00030,-16.84847,26.90252,2017-01-01,1.778
B00030,-16.84847,26.90252,2017-01-02,17.78
B00030,-16.84847,26.90252,2017-01-03,10.668
B00030,-16.84847,26.90252,2017-01-04,12.7
B00030,-16.84847,26.90252,2017-01-05,3.81
B00030,-16.84847,26.90252,2017-01-06,0
B00030,-16.84847,26.90252,2017-01-07,1.524
B00030,-16.84847,26.90252,2017-01-08,0.254
B00030,-16.84847,26.90252,2017-01-09,8.128
B00030,-16.84847,26.90252,2017-01-10,2.286
B00030,-16.84847,26.90252,2017-01-11,12.192
B00030,-16.84847,26.90252,2017-01-12,9.906
B00030,-16.84847,26.90252,2017-01-13,11.176
B00030,-16.84847,26.90252,2017-01-14,5.588
B00030,-16.84847,26.90252,2017-01-15,0.254
B00030,-16.84847,26.90252,2017-01-16,1.016
B00030,-16.84847,26.90252,2017-01-17,27.432
B00030,-16.84847,26.90252,2017-01-18,3.048
B00030,-16.84847,26.90252,2017-01-19,20.066
B00030,-16.84847,26.90252,2017-01-20,28.956
B00030,-16.84847,26.90252,2017-01-21,43.18
B00030,-16.84847,26.90252,2017-01-22,3.556
B00030,-16.84847,26.90252,2017-01-23,2.032
B00030,-16.84847,26.90252,2017-01-24,11.43
B00030,-16.84847,26.90252,2017-01-25,0.254
B00030,-16.84847,26.90252,2017-01-26,13.462
B00030,-16.84847,26.90252,2017-01-27,4.318
B00030,-16.84847,26.90252,2017-01-28,4.826
B00030,-16.84847,26.90252,2017-01-29,19.05
B00030,-16.84847,26.90252,2017-01-30,0.254
B00030,-16.84847,26.90252,2017-01-31,0.254
B00030,-16.84847,26.90252,2017-02-01,2.54
B00030,-16.84847,26.90252,2017-02-02,3.302
B00030,-16.84847,26.90252,2017-02-03,0
B00030,-16.84847,26.90252,2017-02-04,0.762
B00030,-16.84847,26.90252,2017-02-05,0.254
B00030,-16.84847,26.90252,2017-02-06,40.132
B00030,-16.84847,26.90252,2017-02-07,1.524
B00030,-16.84847,26.90252,2017-02-08,0.254
B00030,-16.84847,26.90252,2017-02-09,0
B00030,-16.84847,26.90252,2017-02-10,8.89
B00030,-16.84847,26.90252,2017-02-11,9.144
B00030,-16.84847,26.90252,2017-02-12,0
B00030,-16.84847,26.90252,2017-02-13,0.254
B00030,-16.84847,26.90252,2017-02-14,14.986
B00030,-16.84847,26.90252,2017-02-15,0.762
B00030,-16.84847,26.90252,2017-02-16,3.81
B00030,-16.84847,26.90252,2017-02-17,1.016
B00030,-16.84847,26.90252,2017-02-18,6.604
B00030,-16.84847,26.90252,2017-02-19,0.254
B00030,-16.84847,26.90252,2017-02-20,1.27
B00030,-16.84847,26.90252,2017-02-21,28.194
B00030,-16.84847,26.90252,2017-02-22,40.894
B00030,-16.84847,26.90252,2017-02-23,5.842
B00030,-16.84847,26.90252,2017-02-24,0
B00030,-16.84847,26.90252,2017-02-25,2.54
B00030,-16.84847,26.90252,2017-02-26,12.446
B00030,-16.84847,26.90252,2017-02-27,34.29
B00030,-16.84847,26.90252,2017-02-28,9.652
B00030,-16.84847,26.90252,2017-03-01,8.636
B00030,-16.84847,26.90252,2017-03-02,1.27
B00030,-16.84847,26.90252,2017-03-03,6.604
B00030,-16.84847,26.90252,2017-03-04,9.144
B00030,-16.84847,26.90252,2017-03-05,7.366
B00030,-16.84847,26.90252,2017-03-06,2.54
B00030,-16.84847,26.90252,2017-03-07,0.508
B00030,-16.84847,26.90252,2017-03-08,0
B00030,-16.84847,26.90252,2017-03-09,26.67
B00030,-16.84847,26.90252,2017-03-10,5.588
B00030,-16.84847,26.90252,2017-03-11,5.842
B00030,-16.84847,26.90252,2017-03-12,0.762
B00030,-16.84847,26.90252,2017-03-13,0
B00030,-16.84847,26.90252,2017-03-14,0
B00030,-16.84847,26.90252,2017-03-15,0
B00030,-16.84847,26.90252,2017-03-16,0
B00030,-16.84847,26.90252,2017-03-17,0
B00030,-16.84847,26.90252,2017-03-18,0
B00030,-16.84847,26.90252,2017-03-19,0.508
B00030,-16.84847,26.90252,2017-03-20,1.016
B00030,-16.84847,26.90252,2017-03-21,0
B00030,-16.84847,26.90252,2017-03-22,1.016
B00030,-16.84847,26.90252,2017-03-23,0.254
B00030,-16.84847,26.90252,2017-03-24,18.796
B00030,-16.84847,26.90252,2017-03-25,0
B00030,-16.84847,26.90252,2017-03-26,0
B00030,-16.84847,26.90252,2017-03-27,0
B00030,-16.84847,26.90252,2017-03-28,0
B00030,-16.84847,26.90252,2017-03-29,0.254
B00030,-16.84847,26.90252,2017-03-30,0
B00030,-16.84847,26.90252,2017-03-31,0
B00030,-16.84847,26.90252,2017-04-01,0
B00030,-16.84847,26.90252,2017-04-02,0
B00030,-16.84847,26.90252,2017-04-03,2.032
B00030,-16.84847,26.90252,2017-04-04,0
B00030,-16.84847,26.90252,2017-04-05,0
B00030,-16.84847,26.90252,2017-04-06,0
B00030,-16.84847,26.90252,2017-04-07,0
B00030,-16.84847,26.90252,2017-04-08,0
B00030,-16.84847,26.90252,2017-04-09,0
B00030,-16.84847,26.90252,2017-04-10,0
B00030,-16.84847,26.90252,2017-04-11,0
B00030,-16.84847,26.90252,2017-04-12,0
B00030,-16.84847,26.90252,2017-04-13,0
B00030,-16.84847,26.90252,2017-04-14,0
B00030,-16.84847,26.90252,2017-04-15,0
B00030,-16.84847,26.90252,2017-04-16,0
B00030,-16.84847,26.90252,2017-04-17,0
B00030,-16.84847,26.90252,2017-04-18,0
B00030,-16.84847,26.90252,2017-04-19,0
B00030,-16.84847,26.90252,2017-04-20,0
B00030,-16.84847,26.90252,2017-04-21,0
B00030,-16.84847,26.90252,2017-04-22,0
B00030,-16.84847,26.90252,2017-04-23,0
B00030,-16.84847,26.90252,2017-04-24,0
B00030,-16.84847,26.90252,2017-04-25,0
B00030,-16.84847,26.90252,2017-04-26,0
B00030,-16.84847,26.90252,2017-04-27,0
B00030,-16.84847,26.90252,2017-04-28,0
B00030,-16.84847,26.90252,2017-04-29,0
B00030,-16.84847,26.90252,2017-04-30,0
B00030,-16.84847,26.90252,2017-05-01,0
B00034,-16.55842,26.95508,2016-10-12,0
B00034,-16.55842,26.95508,2016-10-13,1.27
B00034,-16.55842,26.95508,2016-10-14,0
B00034,-16.55842,26.95508,2016-10-15,3.556
B00034,-16.55842,26.95508,2016-10-16,3.81
B00034,-16.55842,26.95508,2016-10-17,0
B00034,-16.55842,26.95508,2016-10-18,0
B00034,-16.55842,26.95508,2016-10-19,0
B00034,-16.55842,26.95508,2016-10-20,0
B00034,-16.55842,26.95508,2016-10-21,0
B00034,-16.55842,26.95508,2016-10-22,0
B00034,-16.55842,26.95508,2016-10-23,0
B00034,-16.55842,26.95508,2016-10-24,0
B00034,-16.55842,26.95508,2016-10-25,0
B00034,-16.55842,26.95508,2016-10-26,1.016
B00034,-16.55842,26.95508,2016-10-27,0
B00034,-16.55842,26.95508,2016-10-28,0
B00034,-16.55842,26.95508,2016-10-29,0
B00034,-16.55842,26.95508,2016-10-30,0
B00034,-16.55842,26.95508,2016-10-31,0
B00034,-16.55842,26.95508,2016-11-01,0
B00034,-16.55842,26.95508,2016-11-02,0
B00034,-16.55842,26.95508,2016-11-03,0.254
B00034,-16.55842,26.95508,2016-11-04,0
B00034,-16.55842,26.95508,2016-11-05,0
B00034,-16.55842,26.95508,2016-11-06,0
B00034,-16.55842,26.95508,2016-11-07,0
B00034,-16.55842,26.95508,2016-11-08,0
B00034,-16.55842,26.95508,2016-11-09,0
B00034,-16.55842,26.95508,2016-11-10,1.27
B00034,-16.55842,26.95508,2016-11-11,0.254
B00034,-16.55842,26.95508,2016-11-12,2.286
B00034,-16.55842,26.95508,2016-11-13,0
B00034,-16.55842,26.95508,2016-11-14,1.016
B00034,-16.55842,26.95508,2016-11-15,0
B00034,-16.55842,26.95508,2016-11-16,0
B00034,-16.55842,26.95508,2016-11-17,0
B00034,-16.55842,26.95508,2016-11-18,0.254
B00034,-16.55842,26.95508,2016-11-19,1.016
B00034,-16.55842,26.95508,2016-11-20,0
B00034,-16.55842,26.95508,2016-11-21,4.064
B00034,-16.55842,26.95508,2016-11-22,0
B00034,-16.55842,26.95508,2016-11-23,6.096
B00034,-16.55842,26.95508,2016-11-24,1.778
B00034,-16.55842,26.95508,2016-11-25,7.874
B00034,-16.55842,26.95508,2016-11-26,73.406
B00034,-16.55842,26.95508,2016-11-27,0
B00034,-16.55842,26.95508,2016-11-28,0
B00034,-16.55842,26.95508,2016-11-29,0
B00034,-16.55842,26.95508,2016-11-30,0
B00034,-16.55842,26.95508,2016-12-01,0
B00034,-16.55842,26.95508,2016-12-02,0
B00034,-16.55842,26.95508,2016-12-03,0
B00034,-16.55842,26.95508,2016-12-04,6.35
B00034,-16.55842,26.95508,2016-12-05,0
B00034,-16.55842,26.95508,2016-12-06,0
B00034,-16.55842,26.95508,2016-12-07,0
B00034,-16.55842,26.95508,2016-12-08,0
B00034,-16.55842,26.95508,2016-12-09,0.254
B00034,-16.55842,26.95508,2016-12-10,0
B00034,-16.55842,26.95508,2016-12-11,96.012
B00034,-16.55842,26.95508,2016-12-12,58.42
B00034,-16.55842,26.95508,2016-12-13,0
B00034,-16.55842,26.95508,2016-12-14,15.748
B00034,-16.55842,26.95508,2016-12-15,0
B00034,-16.55842,26.95508,2016-12-16,0
B00034,-16.55842,26.95508,2016-12-17,65.278
B00034,-16.55842,26.95508,2016-12-18,0
B00034,-16.55842,26.95508,2016-12-19,1.016
B00034,-16.55842,26.95508,2016-12-20,19.812
B00034,-16.55842,26.95508,2016-12-21,0.254
B00034,-16.55842,26.95508,2016-12-22,0
B00034,-16.55842,26.95508,2016-12-23,0
B00034,-16.55842,26.95508,2016-12-24,8.89
B00034,-16.55842,26.95508,2016-12-25,6.35
B00034,-16.55842,26.95508,2016-12-26,2.286
B00034,-16.55842,26.95508,2016-12-27,0
B00034,-16.55842,26.95508,2016-12-28,0
B00034,-16.55842,26.95508,2016-12-29,0
B00034,-16.55842,26.95508,2016-12-30,3.556
B00034,-16.55842,26.95508,2016-12-31,0.254
B00034,-16.55842,26.95508,2017-01-01,40.386
B00034,-16.55842,26.95508,2017-01-02,7.62
B00034,-16.55842,26.95508,2017-01-03,6.096
B00034,-16.55842,26.95508,2017-01-04,0.508
B00034,-16.55842,26.95508,2017-01-05,3.302
B00034,-16.55842,26.95508,2017-01-06,0.762
B00034,-16.55842,26.95508,2017-01-07,0
B00034,-16.55842,26.95508,2017-01-08,0
B00034,-16.55842,26.95508,2017-01-09,4.064
B00034,-16.55842,26.95508,2017-01-10,0
B00034,-16.55842,26.95508,2017-01-11,1.27
B00034,-16.55842,26.95508,2017-01-12,3.048
B00034,-16.55842,26.95508,2017-01-13,16.51
B00034,-16.55842,26.95508,2017-01-14,1.778
B00034,-16.55842,26.95508,2017-01-15,0.762
B00034,-16.55842,26.95508,2017-01-16,29.464
B00034,-16.55842,26.95508,2017-01-17,31.496
B00034,-16.55842,26.95508,2017-01-18,7.366
B00034,-16.55842,26.95508,2017-01-19,3.81
B00034,-16.55842,26.95508,2017-01-20,13.462
B00034,-16.55842,26.95508,2017-01-21,82.804
B00034,-16.55842,26.95508,2017-01-22,21.59
B00034,-16.55842,26.95508,2017-01-23,7.366
B00034,-16.55842,26.95508,2017-01-24,6.35
B00034,-16.55842,26.95508,2017-01-25,0.254
B00034,-16.55842,26.95508,2017-01-26,0.762
B00034,-16.55842,26.95508,2017-01-27,6.096
B00034,-16.55842,26.95508,2017-01-28,2.286
B00034,-16.55842,26.95508,2017-01-29,57.404
B00034,-16.55842,26.95508,2017-01-30,0
B00034,-16.55842,26.95508,2017-01-31,11.43
B00034,-16.55842,26.95508,2017-02-01,3.81
B00034,-16.55842,26.95508,2017-02-02,0.254
B00034,-16.55842,26.95508,2017-02-03,0
B00034,-16.55842,26.95508,2017-02-04,2.54
B00034,-16.55842,26.95508,2017-02-05,0.254
B00034,-16.55842,26.95508,2017-02-06,51.816
B00034,-16.55842,26.95508,2017-02-07,2.54
B00034,-16.55842,26.95508,2017-02-08,0.254
B00034,-16.55842,26.95508,2017-02-09,0
B00034,-16.55842,26.95508,2017-02-10,20.066
B00034,-16.55842,26.95508,2017-02-11,8.128
B00034,-16.55842,26.95508,2017-02-12,0
B00034,-16.55842,26.95508,2017-02-13,0.254
B00034,-16.55842,26.95508,2017-02-14,0
B00034,-16.55842,26.95508,2017-02-15,2.794
B00034,-16.55842,26.95508,2017-02-16,29.464
B00034,-16.55842,26.95508,2017-02-17,0
B00034,-16.55842,26.95508,2017-02-18,12.192
B00034,-16.55842,26.95508,2017-02-19,0
B00034,-16.55842,26.95508,2017-02-20,1.778
B00034,-16.55842,26.95508,2017-02-21,33.274
B00034,-16.55842,26.95508,2017-02-22,0
B00034,-16.55842,26.95508,2017-02-23,3.048
B00034,-16.55842,26.95508,2017-02-24,0.508
B00034,-16.55842,26.95508,2017-02-25,0.254
B00034,-16.55842,26.95508,2017-02-26,7.874
B00034,-16.55842,26.95508,2017-02-27,3.556
B00034,-16.55842,26.95508,2017-02-28,3.556
B00034,-16.55842,26.95508,2017-03-01,7.62
B00034,-16.55842,26.95508,2017-03-02,30.48
B00034,-16.55842,26.95508,2017-03-03,3.81
B00034,-16.55842,26.95508,2017-03-04,10.668
B00034,-16.55842,26.95508,2017-03-05,0
B00034,-16.55842,26.95508,2017-03-06,51.054
B00034,-16.55842,26.95508,2017-03-07,9.398
B00034,-16.55842,26.95508,2017-03-08,0.508
B00034,-16.55842,26.95508,2017-03-09,32.004
B00034,-16.55842,26.95508,2017-03-10,2.54
B00034,-16.55842,26.95508,2017-03-11,1.016
B00034,-16.55842,26.95508,2017-03-12,0
B00034,-16.55842,26.95508,2017-03-13,0
B00034,-16.55842,26.95508,2017-03-14,0
B00034,-16.55842,26.95508,2017-03-15,0.254
B00034,-16.55842,26.95508,2017-03-16,0
B00034,-16.55842,26.95508,2017-03-17,0
B00034,-16.55842,26.95508,2017-03-18,0
B00034,-16.55842,26.95508,2017-03-19,0
B00034,-16.55842,26.95508,2017-03-20,8.382
B00034,-16.55842,26.95508,2017-03-21,0
B00034,-16.55842,26.95508,2017-03-22,14.478
B00034,-16.55842,26.95508,2017-03-23,2.286
B00034,-16.55842,26.95508,2017-03-24,20.574
B00034,-16.55842,26.95508,2017-03-25,0
B00034,-16.55842,26.95508,2017-03-26,0.254
B00034,-16.55842,26.95508,2017-03-27,0
B00034,-16.55842,26.95508,2017-03-28,0.254
B00034,-16.55842,26.95508,2017-03-29,0
B00034,-16.55842,26.95508,2017-03-30,0.254
B00034,-16.55842,26.95508,2017-03-31,0
B00034,-16.55842,26.95508,2017-04-01,0.254
B00034,-16.55842,26.95508,2017-04-02,0
B00034,-16.55842,26.95508,2017-04-03,2.032
B00034,-16.55842,26.95508,2017-04-04,0
B00034,-16.55842,26.95508,2017-04-05,0
B00034,-16.55842,26.95508,2017-04-06,0
B00034,-16.55842,26.95508,2017-04-07,0
B00034,-16.55842,26.95508,2017-04-08,0
B00034,-16.55842,26.95508,2017-04-09,0
B00034,-16.55842,26.95508,2017-04-10,0
B00034,-16.55842,26.95508,2017-04-11,0
B00034,-16.55842,26.95508,2017-04-12,0
B00034,-16.55842,26.95508,2017-04-13,0
B00034,-16.55842,26.95508,2017-04-14,0
B00034,-16.55842,26.95508,2017-04-15,0
B00034,-16.55842,26.95508,2017-04-16,0
B00034,-16.55842,26.95508,2017-04-17,0
B00034,-16.55842,26.95508,2017-04-18,0
B00034,-16.55842,26.95508,2017-04-19,0
B00034,-16.55842,26.95508,2017-04-20,0
B00034,-16.55842,26.95508,2017-04-21,0
B00034,-16.55842,26.95508,2017-04-22,0
B00034,-16.55842,26.95508,2017-04-23,0
B00034,-16.55842,26.95508,2017-04-24,0
B00034,-16.55842,26.95508,2017-04-25,0
B00034,-16.55842,26.95508,2017-04-26,0
B00034,-16.55842,26.95508,2017-04-27,0
B00034,-16.55842,26.95508,2017-04-28,0
B00034,-16.55842,26.95508,2017-04-29,0
B00034,-16.55842,26.95508,2017-04-30,0
B00034,-16.55842,26.95508,2017-05-01,0
